         step           time       rho0_tot        v20_tot            r_c           v2_c            m_c      rho_c_tot          eta_c    rho0[heavy]   rho_c[heavy]     r01[heavy]     r05[heavy]     r10[heavy]     r20[heavy]     r50[heavy]     r90[heavy]  r50evo[heavy]     m_c[heavy]    rho0[light]   rho_c[light]     r01[light]     r05[light]     r10[light]     r20[light]     r50[light]     r90[light]  r50evo[light]     m_c[light]
            0   0.000000e+00   2.999550e+00   1.667009e-01   5.650122e-01   1.540942e-01   1.189338e-01   1.978121e+00  -0.000000e+00   2.999550e-01   1.978121e-01   2.205560e-01   3.960786e-01   5.239575e-01   7.208490e-01   1.305023e+00   3.704983e+00   1.000000e+00   1.189338e-02   2.699595e+00   1.780309e+00   2.205560e-01   3.960786e-01   5.239575e-01   7.208490e-01   1.305023e+00   3.704983e+00   1.000000e+00   1.070404e-01
            1   3.764189e-05   2.999609e+00   1.666978e-01   5.650028e-01   1.540940e-01   1.189296e-01   1.978151e+00   1.233013e-05   2.999770e-01   1.978209e-01   2.205522e-01   3.960722e-01   5.239499e-01   7.208401e-01   1.305013e+00   3.704981e+00   9.999930e-01   1.189331e-02   2.699632e+00   1.780330e+00   2.205559e-01   3.960785e-01   5.239577e-01   7.208496e-01   1.305025e+00   3.704991e+00   1.000002e+00   1.070363e-01
            2   7.630164e-05   2.999678e+00   1.666955e-01   5.649927e-01   1.540941e-01   1.189254e-01   1.978187e+00   2.826814e-05   2.999980e-01   1.978296e-01   2.205484e-01   3.960661e-01   5.239425e-01   7.208316e-01   1.305005e+00   3.704982e+00   9.999869e-01   1.189319e-02   2.699680e+00   1.780358e+00   2.205555e-01   3.960779e-01   5.239570e-01   7.208491e-01   1.305026e+00   3.704999e+00   1.000003e+00   1.070322e-01
            3   1.174285e-04   2.999745e+00   1.666933e-01   5.649827e-01   1.540941e-01   1.189213e-01   1.978224e+00   4.355053e-05   3.000204e-01   1.978391e-01   2.205441e-01   3.960591e-01   5.239341e-01   7.208219e-01   1.304996e+00   3.704982e+00   9.999797e-01   1.189314e-02   2.699725e+00   1.780385e+00   2.205550e-01   3.960772e-01   5.239564e-01   7.208488e-01   1.305028e+00   3.705006e+00   1.000004e+00   1.070282e-01
            4   1.607656e-04   2.999814e+00   1.666912e-01   5.649728e-01   1.540942e-01   1.189173e-01   1.978262e+00   5.997856e-05   3.000432e-01   1.978490e-01   2.205396e-01   3.960517e-01   5.239252e-01   7.208118e-01   1.304986e+00   3.704982e+00   9.999721e-01   1.189310e-02   2.699770e+00   1.780413e+00   2.205545e-01   3.960765e-01   5.239557e-01   7.208484e-01   1.305029e+00   3.705015e+00   1.000005e+00   1.070242e-01
            5   2.060099e-04   2.999881e+00   1.666892e-01   5.649630e-01   1.540943e-01   1.189134e-01   1.978300e+00   7.703007e-05   3.000664e-01   1.978591e-01   2.205349e-01   3.960440e-01   5.239160e-01   7.208011e-01   1.304976e+00   3.704982e+00   9.999642e-01   1.189309e-02   2.699815e+00   1.780441e+00   2.205539e-01   3.960758e-01   5.239550e-01   7.208480e-01   1.305031e+00   3.705023e+00   1.000006e+00   1.070203e-01
            6   2.528951e-04   2.999949e+00   1.666874e-01   5.649533e-01   1.540944e-01   1.189096e-01   1.978338e+00   9.472355e-05   3.000899e-01   1.978695e-01   2.205300e-01   3.960361e-01   5.239064e-01   7.207901e-01   1.304965e+00   3.704981e+00   9.999560e-01   1.189311e-02   2.699859e+00   1.780468e+00   2.205534e-01   3.960750e-01   5.239542e-01   7.208475e-01   1.305032e+00   3.705032e+00   1.000007e+00   1.070165e-01
            7   3.011904e-04   3.000015e+00   1.666856e-01   5.649438e-01   1.540944e-01   1.189059e-01   1.978376e+00   1.129455e-04   3.001138e-01   1.978801e-01   2.205250e-01   3.960279e-01   5.238966e-01   7.207787e-01   1.304954e+00   3.704981e+00   9.999475e-01   1.189314e-02   2.699901e+00   1.780496e+00   2.205528e-01   3.960741e-01   5.239534e-01   7.208470e-01   1.305034e+00   3.705041e+00   1.000008e+00   1.070128e-01
            8   3.506959e-04   3.000081e+00   1.666840e-01   5.649345e-01   1.540944e-01   1.189023e-01   1.978414e+00   1.316275e-04   3.001379e-01   1.978909e-01   2.205198e-01   3.960195e-01   5.238864e-01   7.207670e-01   1.304943e+00   3.704981e+00   9.999389e-01   1.189320e-02   2.699943e+00   1.780523e+00   2.205522e-01   3.960733e-01   5.239526e-01   7.208465e-01   1.305035e+00   3.705050e+00   1.000010e+00   1.070091e-01
            9   4.012390e-04   3.000147e+00   1.666824e-01   5.649252e-01   1.540945e-01   1.188987e-01   1.978452e+00   1.507025e-04   3.001621e-01   1.979018e-01   2.205146e-01   3.960109e-01   5.238761e-01   7.207551e-01   1.304931e+00   3.704981e+00   9.999300e-01   1.189327e-02   2.699984e+00   1.780551e+00   2.205516e-01   3.960724e-01   5.239517e-01   7.208460e-01   1.305037e+00   3.705060e+00   1.000011e+00   1.070055e-01
           10   4.526715e-04   3.000211e+00   1.666809e-01   5.649161e-01   1.540945e-01   1.188953e-01   1.978491e+00   1.701145e-04   3.001866e-01   1.979128e-01   2.205092e-01   3.960021e-01   5.238656e-01   7.207430e-01   1.304919e+00   3.704981e+00   9.999210e-01   1.189336e-02   2.700024e+00   1.780578e+00   2.205509e-01   3.960715e-01   5.239508e-01   7.208454e-01   1.305038e+00   3.705070e+00   1.000012e+00   1.070019e-01
           11   5.048661e-04   3.000275e+00   1.666795e-01   5.649072e-01   1.540945e-01   1.188919e-01   1.978529e+00   1.898150e-04   3.002112e-01   1.979240e-01   2.205038e-01   3.959932e-01   5.238549e-01   7.207306e-01   1.304908e+00   3.704980e+00   9.999119e-01   1.189346e-02   2.700064e+00   1.780605e+00   2.205503e-01   3.960707e-01   5.239499e-01   7.208449e-01   1.305040e+00   3.705079e+00   1.000013e+00   1.069985e-01
           12   5.577140e-04   3.000339e+00   1.666782e-01   5.648983e-01   1.540945e-01   1.188886e-01   1.978567e+00   2.097628e-04   3.002360e-01   1.979352e-01   2.204983e-01   3.959842e-01   5.238441e-01   7.207182e-01   1.304895e+00   3.704980e+00   9.999026e-01   1.189358e-02   2.700103e+00   1.780631e+00   2.205496e-01   3.960697e-01   5.239490e-01   7.208443e-01   1.305042e+00   3.705089e+00   1.000015e+00   1.069950e-01
           14   6.650127e-04   3.000464e+00   1.666756e-01   5.648809e-01   1.540945e-01   1.188822e-01   1.978642e+00   2.502643e-04   3.002858e-01   1.979578e-01   2.204871e-01   3.959660e-01   5.238221e-01   7.206928e-01   1.304871e+00   3.704980e+00   9.998838e-01   1.189384e-02   2.700178e+00   1.780684e+00   2.205483e-01   3.960679e-01   5.239472e-01   7.208431e-01   1.305045e+00   3.705109e+00   1.000017e+00   1.069883e-01
           16   7.739784e-04   3.000587e+00   1.666733e-01   5.648639e-01   1.540945e-01   1.188760e-01   1.978717e+00   2.913953e-04   3.003359e-01   1.979806e-01   2.204757e-01   3.959474e-01   5.237998e-01   7.206671e-01   1.304846e+00   3.704979e+00   9.998647e-01   1.189414e-02   2.700251e+00   1.780737e+00   2.205469e-01   3.960660e-01   5.239453e-01   7.208420e-01   1.305049e+00   3.705130e+00   1.000020e+00   1.069818e-01
           18   8.841848e-04   3.000708e+00   1.666712e-01   5.648473e-01   1.540945e-01   1.188699e-01   1.978792e+00   3.329936e-04   3.003862e-01   1.980036e-01   2.204642e-01   3.959287e-01   5.237772e-01   7.206411e-01   1.304821e+00   3.704979e+00   9.998453e-01   1.189446e-02   2.700322e+00   1.780789e+00   2.205456e-01   3.960641e-01   5.239435e-01   7.208408e-01   1.305052e+00   3.705151e+00   1.000023e+00   1.069755e-01
           20   9.953224e-04   3.000828e+00   1.666691e-01   5.648309e-01   1.540944e-01   1.188640e-01   1.978866e+00   3.749418e-04   3.004368e-01   1.980266e-01   2.204526e-01   3.959098e-01   5.237545e-01   7.206149e-01   1.304795e+00   3.704979e+00   9.998258e-01   1.189481e-02   2.700391e+00   1.780840e+00   2.205442e-01   3.960621e-01   5.239415e-01   7.208395e-01   1.305056e+00   3.705171e+00   1.000025e+00   1.069692e-01
           22   1.107166e-03   3.000946e+00   1.666672e-01   5.648147e-01   1.540943e-01   1.188583e-01   1.978940e+00   4.171542e-04   3.004874e-01   1.980497e-01   2.204410e-01   3.958907e-01   5.237316e-01   7.205885e-01   1.304770e+00   3.704978e+00   9.998062e-01   1.189518e-02   2.700458e+00   1.780891e+00   2.205428e-01   3.960602e-01   5.239396e-01   7.208383e-01   1.305059e+00   3.705192e+00   1.000028e+00   1.069631e-01
           24   1.219550e-03   3.001064e+00   1.666653e-01   5.647988e-01   1.540943e-01   1.188526e-01   1.979014e+00   4.595681e-04   3.005382e-01   1.980728e-01   2.204293e-01   3.958716e-01   5.237085e-01   7.205619e-01   1.304744e+00   3.704978e+00   9.997865e-01   1.189556e-02   2.700525e+00   1.780941e+00   2.205414e-01   3.960582e-01   5.239377e-01   7.208371e-01   1.305063e+00   3.705213e+00   1.000031e+00   1.069571e-01
           27   1.388883e-03   3.001238e+00   1.666627e-01   5.647751e-01   1.540941e-01   1.188443e-01   1.979124e+00   5.234690e-04   3.006145e-01   1.981076e-01   2.204116e-01   3.958428e-01   5.236739e-01   7.205219e-01   1.304705e+00   3.704977e+00   9.997568e-01   1.189615e-02   2.700623e+00   1.781016e+00   2.205393e-01   3.960553e-01   5.239347e-01   7.208352e-01   1.305068e+00   3.705245e+00   1.000035e+00   1.069481e-01
           30   1.558877e-03   3.001410e+00   1.666602e-01   5.647518e-01   1.540940e-01   1.188361e-01   1.979233e+00   5.876122e-04   3.006910e-01   1.981424e-01   2.203939e-01   3.958138e-01   5.236391e-01   7.204818e-01   1.304666e+00   3.704976e+00   9.997269e-01   1.189677e-02   2.700719e+00   1.781091e+00   2.205372e-01   3.960523e-01   5.239318e-01   7.208333e-01   1.305073e+00   3.705277e+00   1.000039e+00   1.069394e-01
           33   1.729342e-03   3.001581e+00   1.666578e-01   5.647287e-01   1.540939e-01   1.188281e-01   1.979342e+00   6.519259e-04   3.007676e-01   1.981773e-01   2.203761e-01   3.957848e-01   5.236041e-01   7.204415e-01   1.304627e+00   3.704976e+00   9.996970e-01   1.189740e-02   2.700813e+00   1.781165e+00   2.205350e-01   3.960493e-01   5.239289e-01   7.208315e-01   1.305079e+00   3.705309e+00   1.000043e+00   1.069307e-01
           37   1.957150e-03   3.001808e+00   1.666547e-01   5.646981e-01   1.540937e-01   1.188175e-01   1.979486e+00   7.378620e-04   3.008698e-01   1.982237e-01   2.203524e-01   3.957460e-01   5.235575e-01   7.203877e-01   1.304575e+00   3.704975e+00   9.996570e-01   1.189826e-02   2.700937e+00   1.781263e+00   2.205322e-01   3.960453e-01   5.239249e-01   7.208290e-01   1.305086e+00   3.705352e+00   1.000048e+00   1.069192e-01
           41   2.185381e-03   3.002033e+00   1.666517e-01   5.646678e-01   1.540934e-01   1.188070e-01   1.979631e+00   8.239439e-04   3.009721e-01   1.982702e-01   2.203286e-01   3.957072e-01   5.235108e-01   7.203339e-01   1.304523e+00   3.704974e+00   9.996170e-01   1.189913e-02   2.701060e+00   1.781360e+00   2.205293e-01   3.960413e-01   5.239210e-01   7.208264e-01   1.305093e+00   3.705394e+00   1.000054e+00   1.069079e-01
           45   2.413916e-03   3.002257e+00   1.666488e-01   5.646377e-01   1.540932e-01   1.187966e-01   1.979774e+00   9.101257e-04   3.010744e-01   1.983167e-01   2.203048e-01   3.956683e-01   5.234640e-01   7.202799e-01   1.304470e+00   3.704973e+00   9.995768e-01   1.190002e-02   2.701182e+00   1.781458e+00   2.205265e-01   3.960373e-01   5.239170e-01   7.208239e-01   1.305100e+00   3.705437e+00   1.000059e+00   1.068966e-01
           50   2.699895e-03   3.002537e+00   1.666452e-01   5.646002e-01   1.540929e-01   1.187837e-01   1.979954e+00   1.017950e-03   3.012025e-01   1.983749e-01   2.202750e-01   3.956197e-01   5.234054e-01   7.202124e-01   1.304405e+00   3.704972e+00   9.995266e-01   1.190114e-02   2.701333e+00   1.781579e+00   2.205229e-01   3.960323e-01   5.239121e-01   7.208208e-01   1.305109e+00   3.705491e+00   1.000066e+00   1.068826e-01
           55   2.986135e-03   3.002815e+00   1.666417e-01   5.645629e-01   1.540926e-01   1.187709e-01   1.980133e+00   1.125850e-03   3.013307e-01   1.984331e-01   2.202452e-01   3.955710e-01   5.233469e-01   7.201448e-01   1.304339e+00   3.704971e+00   9.994763e-01   1.190227e-02   2.701483e+00   1.781700e+00   2.205193e-01   3.960273e-01   5.239071e-01   7.208176e-01   1.305118e+00   3.705544e+00   1.000073e+00   1.068687e-01
           61   3.329884e-03   3.003148e+00   1.666375e-01   5.645183e-01   1.540923e-01   1.187556e-01   1.980348e+00   1.255398e-03   3.014846e-01   1.985029e-01   2.202094e-01   3.955125e-01   5.232765e-01   7.200637e-01   1.304260e+00   3.704969e+00   9.994160e-01   1.190363e-02   2.701662e+00   1.781845e+00   2.205150e-01   3.960213e-01   5.239012e-01   7.208138e-01   1.305129e+00   3.705609e+00   1.000081e+00   1.068520e-01
           67   3.673861e-03   3.003481e+00   1.666334e-01   5.644737e-01   1.540919e-01   1.187404e-01   1.980562e+00   1.384999e-03   3.016386e-01   1.985728e-01   2.201736e-01   3.954541e-01   5.232061e-01   7.199825e-01   1.304182e+00   3.704968e+00   9.993556e-01   1.190501e-02   2.701841e+00   1.781990e+00   2.205107e-01   3.960153e-01   5.238952e-01   7.208100e-01   1.305140e+00   3.705673e+00   1.000090e+00   1.068354e-01
           74   4.075404e-03   3.003869e+00   1.666286e-01   5.644219e-01   1.540915e-01   1.187227e-01   1.980813e+00   1.536247e-03   3.018185e-01   1.986543e-01   2.201318e-01   3.953858e-01   5.231240e-01   7.198877e-01   1.304090e+00   3.704966e+00   9.992850e-01   1.190661e-02   2.702049e+00   1.782158e+00   2.205057e-01   3.960083e-01   5.238883e-01   7.208056e-01   1.305152e+00   3.705748e+00   1.000099e+00   1.068161e-01
           82   4.534579e-03   3.004312e+00   1.666232e-01   5.643627e-01   1.540910e-01   1.187025e-01   1.981099e+00   1.709148e-03   3.020242e-01   1.987476e-01   2.200840e-01   3.953078e-01   5.230301e-01   7.197793e-01   1.303984e+00   3.704964e+00   9.992044e-01   1.190846e-02   2.702286e+00   1.782351e+00   2.205000e-01   3.960002e-01   5.238803e-01   7.208005e-01   1.305167e+00   3.705834e+00   1.000110e+00   1.067940e-01
           90   4.994007e-03   3.004755e+00   1.666178e-01   5.643036e-01   1.540905e-01   1.186823e-01   1.981385e+00   1.882086e-03   3.022301e-01   1.988409e-01   2.200363e-01   3.952298e-01   5.229362e-01   7.196709e-01   1.303879e+00   3.704962e+00   9.991236e-01   1.191031e-02   2.702523e+00   1.782544e+00   2.204942e-01   3.959922e-01   5.238724e-01   7.207954e-01   1.305181e+00   3.705920e+00   1.000121e+00   1.067720e-01
           99   5.511140e-03   3.005253e+00   1.666117e-01   5.642371e-01   1.540900e-01   1.186597e-01   1.981707e+00   2.076674e-03   3.024619e-01   1.989460e-01   2.199826e-01   3.951420e-01   5.228305e-01   7.195489e-01   1.303760e+00   3.704960e+00   9.990328e-01   1.191239e-02   2.702789e+00   1.782761e+00   2.204878e-01   3.959832e-01   5.238634e-01   7.207897e-01   1.305197e+00   3.706017e+00   1.000134e+00   1.067473e-01
          109   6.086055e-03   3.005806e+00   1.666050e-01   5.641633e-01   1.540893e-01   1.186345e-01   1.982064e+00   2.292917e-03   3.027197e-01   1.990629e-01   2.199229e-01   3.950444e-01   5.227130e-01   7.194132e-01   1.303628e+00   3.704958e+00   9.989317e-01   1.191471e-02   2.703084e+00   1.783002e+00   2.204806e-01   3.959731e-01   5.238535e-01   7.207833e-01   1.305215e+00   3.706124e+00   1.000148e+00   1.067198e-01
          120   6.718834e-03   3.006415e+00   1.665976e-01   5.640822e-01   1.540887e-01   1.186069e-01   1.982458e+00   2.530817e-03   3.030037e-01   1.991915e-01   2.198572e-01   3.949370e-01   5.225837e-01   7.192640e-01   1.303483e+00   3.704955e+00   9.988205e-01   1.191727e-02   2.703409e+00   1.783267e+00   2.204727e-01   3.959620e-01   5.238425e-01   7.207763e-01   1.305235e+00   3.706243e+00   1.000163e+00   1.066896e-01
          132   7.409571e-03   3.007080e+00   1.665896e-01   5.639936e-01   1.540879e-01   1.185768e-01   1.982888e+00   2.790379e-03   3.033138e-01   1.993321e-01   2.197855e-01   3.948199e-01   5.224426e-01   7.191010e-01   1.303325e+00   3.704952e+00   9.986990e-01   1.192006e-02   2.703763e+00   1.783556e+00   2.204641e-01   3.959500e-01   5.238306e-01   7.207687e-01   1.305257e+00   3.706372e+00   1.000179e+00   1.066567e-01
          145   8.158365e-03   3.007800e+00   1.665810e-01   5.638977e-01   1.540871e-01   1.185442e-01   1.983355e+00   3.071607e-03   3.036502e-01   1.994845e-01   2.197079e-01   3.946930e-01   5.222898e-01   7.189245e-01   1.303153e+00   3.704948e+00   9.985673e-01   1.192309e-02   2.704147e+00   1.783870e+00   2.204547e-01   3.959369e-01   5.238176e-01   7.207604e-01   1.305280e+00   3.706512e+00   1.000197e+00   1.066211e-01
          160   9.022991e-03   3.008633e+00   1.665710e-01   5.637871e-01   1.540862e-01   1.185066e-01   1.983893e+00   3.396144e-03   3.040389e-01   1.996606e-01   2.196184e-01   3.945466e-01   5.221133e-01   7.187206e-01   1.302954e+00   3.704944e+00   9.984152e-01   1.192660e-02   2.704590e+00   1.784233e+00   2.204439e-01   3.959218e-01   5.238027e-01   7.207508e-01   1.305307e+00   3.706674e+00   1.000218e+00   1.065800e-01
          176   9.945998e-03   3.009521e+00   1.665603e-01   5.636691e-01   1.540852e-01   1.184665e-01   1.984468e+00   3.742364e-03   3.044542e-01   1.998487e-01   2.195228e-01   3.943903e-01   5.219251e-01   7.185030e-01   1.302742e+00   3.704940e+00   9.982528e-01   1.193034e-02   2.705063e+00   1.784620e+00   2.204324e-01   3.959056e-01   5.237867e-01   7.207406e-01   1.305336e+00   3.706847e+00   1.000240e+00   1.065362e-01
          194   1.098529e-02   3.010522e+00   1.665483e-01   5.635362e-01   1.540841e-01   1.184214e-01   1.985116e+00   4.131916e-03   3.049221e-01   2.000607e-01   2.194154e-01   3.942145e-01   5.217132e-01   7.182581e-01   1.302504e+00   3.704935e+00   9.980698e-01   1.193455e-02   2.705595e+00   1.785056e+00   2.204195e-01   3.958875e-01   5.237687e-01   7.207291e-01   1.305368e+00   3.707041e+00   1.000265e+00   1.064869e-01
          213   1.208335e-02   3.011579e+00   1.665357e-01   5.633960e-01   1.540829e-01   1.183739e-01   1.985802e+00   4.543171e-03   3.054171e-01   2.002849e-01   2.193020e-01   3.940289e-01   5.214894e-01   7.179993e-01   1.302251e+00   3.704929e+00   9.978765e-01   1.193901e-02   2.706157e+00   1.785517e+00   2.204058e-01   3.958683e-01   5.237497e-01   7.207169e-01   1.305403e+00   3.707247e+00   1.000291e+00   1.064349e-01
          234   1.329824e-02   3.012750e+00   1.665217e-01   5.632409e-01   1.540816e-01   1.183213e-01   1.986560e+00   4.997788e-03   3.059652e-01   2.005332e-01   2.191766e-01   3.938237e-01   5.212420e-01   7.177132e-01   1.301972e+00   3.704923e+00   9.976625e-01   1.194394e-02   2.706779e+00   1.786027e+00   2.203906e-01   3.958470e-01   5.237287e-01   7.207034e-01   1.305441e+00   3.707474e+00   1.000320e+00   1.063774e-01
          257   1.463033e-02   3.014034e+00   1.665064e-01   5.630711e-01   1.540802e-01   1.182638e-01   1.987392e+00   5.495787e-03   3.065669e-01   2.008057e-01   2.190393e-01   3.935989e-01   5.209710e-01   7.173995e-01   1.301666e+00   3.704916e+00   9.974277e-01   1.194935e-02   2.707460e+00   1.786587e+00   2.203740e-01   3.958238e-01   5.237056e-01   7.206887e-01   1.305482e+00   3.707723e+00   1.000352e+00   1.063145e-01
          283   1.613805e-02   3.015488e+00   1.664891e-01   5.628789e-01   1.540786e-01   1.181989e-01   1.988335e+00   6.058849e-03   3.072488e-01   2.011145e-01   2.188842e-01   3.933448e-01   5.206644e-01   7.170445e-01   1.301319e+00   3.704908e+00   9.971619e-01   1.195548e-02   2.708232e+00   1.787221e+00   2.203552e-01   3.957974e-01   5.236795e-01   7.206719e-01   1.305529e+00   3.708005e+00   1.000388e+00   1.062434e-01
          311   1.776399e-02   3.017057e+00   1.664705e-01   5.626719e-01   1.540769e-01   1.181289e-01   1.989353e+00   6.665350e-03   3.079851e-01   2.014479e-01   2.187171e-01   3.930710e-01   5.203340e-01   7.166619e-01   1.300944e+00   3.704899e+00   9.968751e-01   1.196210e-02   2.709064e+00   1.787905e+00   2.203350e-01   3.957690e-01   5.236514e-01   7.206539e-01   1.305580e+00   3.708309e+00   1.000427e+00   1.061668e-01
          342   1.956685e-02   3.018798e+00   1.664499e-01   5.624426e-01   1.540750e-01   1.180515e-01   1.990483e+00   7.336988e-03   3.088029e-01   2.018182e-01   2.185321e-01   3.927678e-01   5.199680e-01   7.162378e-01   1.300529e+00   3.704889e+00   9.965569e-01   1.196943e-02   2.709987e+00   1.788664e+00   2.203125e-01   3.957375e-01   5.236202e-01   7.206338e-01   1.305636e+00   3.708646e+00   1.000470e+00   1.060821e-01
          376   2.154750e-02   3.020712e+00   1.664272e-01   5.621908e-01   1.540729e-01   1.179667e-01   1.991725e+00   8.073808e-03   3.097027e-01   2.022256e-01   2.183293e-01   3.924352e-01   5.195663e-01   7.157720e-01   1.300073e+00   3.704877e+00   9.962071e-01   1.197750e-02   2.711000e+00   1.789500e+00   2.202879e-01   3.957029e-01   5.235859e-01   7.206118e-01   1.305698e+00   3.709017e+00   1.000517e+00   1.059892e-01
          413   2.370685e-02   3.022800e+00   1.664026e-01   5.619167e-01   1.540707e-01   1.178745e-01   1.993082e+00   8.875867e-03   3.106855e-01   2.026705e-01   2.181086e-01   3.920730e-01   5.191288e-01   7.152645e-01   1.299575e+00   3.704864e+00   9.958255e-01   1.198630e-02   2.712105e+00   1.790411e+00   2.202610e-01   3.956652e-01   5.235485e-01   7.205878e-01   1.305765e+00   3.709420e+00   1.000569e+00   1.058882e-01
          454   2.610447e-02   3.025122e+00   1.663753e-01   5.616127e-01   1.540682e-01   1.177723e-01   1.994590e+00   9.764908e-03   3.117790e-01   2.031654e-01   2.178641e-01   3.916716e-01   5.186436e-01   7.147013e-01   1.299022e+00   3.704848e+00   9.954016e-01   1.199608e-02   2.713331e+00   1.791425e+00   2.202312e-01   3.956234e-01   5.235070e-01   7.205610e-01   1.305839e+00   3.709868e+00   1.000626e+00   1.057762e-01
          499   2.874190e-02   3.027678e+00   1.663454e-01   5.612787e-01   1.540655e-01   1.176602e-01   1.996252e+00   1.074102e-02   3.129844e-01   2.037110e-01   2.175958e-01   3.912308e-01   5.181106e-01   7.140821e-01   1.298412e+00   3.704831e+00   9.949348e-01   1.200684e-02   2.714681e+00   1.792541e+00   2.201984e-01   3.955774e-01   5.234613e-01   7.205316e-01   1.305921e+00   3.710361e+00   1.000689e+00   1.056534e-01
          548   3.162082e-02   3.030471e+00   1.663127e-01   5.609146e-01   1.540626e-01   1.175383e-01   1.998069e+00   1.180431e-02   3.143034e-01   2.043079e-01   2.173036e-01   3.907506e-01   5.175296e-01   7.134067e-01   1.297747e+00   3.704811e+00   9.944249e-01   1.201861e-02   2.716154e+00   1.793761e+00   2.201626e-01   3.955271e-01   5.234115e-01   7.204995e-01   1.306011e+00   3.710899e+00   1.000757e+00   1.055197e-01
          602   3.480210e-02   3.033561e+00   1.662768e-01   5.605129e-01   1.540594e-01   1.174041e-01   2.000081e+00   1.297659e-02   3.157647e-01   2.049691e-01   2.169818e-01   3.902212e-01   5.168886e-01   7.126608e-01   1.297011e+00   3.704788e+00   9.938608e-01   1.203162e-02   2.717782e+00   1.795111e+00   2.201231e-01   3.954716e-01   5.233564e-01   7.204639e-01   1.306109e+00   3.711493e+00   1.000833e+00   1.053724e-01
          661   3.828833e-02   3.036952e+00   1.662374e-01   5.600716e-01   1.540560e-01   1.172567e-01   2.002295e+00   1.425805e-02   3.173707e-01   2.056963e-01   2.166301e-01   3.896423e-01   5.161874e-01   7.118441e-01   1.296203e+00   3.704761e+00   9.932421e-01   1.204581e-02   2.719565e+00   1.796598e+00   2.200799e-01   3.954108e-01   5.232960e-01   7.204249e-01   1.306217e+00   3.712145e+00   1.000915e+00   1.052108e-01
          726   4.214176e-02   3.040707e+00   1.661941e-01   5.595841e-01   1.540523e-01   1.170941e-01   2.004750e+00   1.567060e-02   3.191513e-01   2.065026e-01   2.162429e-01   3.890042e-01   5.154138e-01   7.109421e-01   1.295310e+00   3.704731e+00   9.925574e-01   1.206148e-02   2.721537e+00   1.798247e+00   2.200321e-01   3.953437e-01   5.232293e-01   7.203817e-01   1.306336e+00   3.712864e+00   1.001007e+00   1.050326e-01
          797   4.636624e-02   3.044829e+00   1.661467e-01   5.590507e-01   1.540484e-01   1.169167e-01   2.007448e+00   1.721445e-02   3.211102e-01   2.073896e-01   2.158199e-01   3.883066e-01   5.145675e-01   7.099542e-01   1.294329e+00   3.704695e+00   9.918059e-01   1.207867e-02   2.723699e+00   1.800058e+00   2.199797e-01   3.952700e-01   5.231561e-01   7.203343e-01   1.306467e+00   3.713653e+00   1.001107e+00   1.048380e-01
          874   5.096604e-02   3.049327e+00   1.660953e-01   5.584712e-01   1.540441e-01   1.167246e-01   2.010394e+00   1.888987e-02   3.232510e-01   2.083589e-01   2.153613e-01   3.875495e-01   5.136481e-01   7.088797e-01   1.293260e+00   3.704654e+00   9.909865e-01   1.209743e-02   2.726054e+00   1.802035e+00   2.199227e-01   3.951899e-01   5.230764e-01   7.202826e-01   1.306608e+00   3.714511e+00   1.001215e+00   1.046271e-01
          959   5.606614e-02   3.054323e+00   1.660385e-01   5.578301e-01   1.540394e-01   1.165127e-01   2.013671e+00   2.074071e-02   3.256343e-01   2.094379e-01   2.148552e-01   3.867130e-01   5.126313e-01   7.076897e-01   1.292072e+00   3.704607e+00   9.900766e-01   1.211825e-02   2.728665e+00   1.804233e+00   2.198596e-01   3.951011e-01   5.229881e-01   7.202251e-01   1.306765e+00   3.715462e+00   1.001335e+00   1.043944e-01
         1051   6.161309e-02   3.059769e+00   1.659770e-01   5.571347e-01   1.540345e-01   1.162836e-01   2.017247e+00   2.274560e-02   3.282379e-01   2.106167e-01   2.143076e-01   3.858067e-01   5.115286e-01   7.063970e-01   1.290779e+00   3.704551e+00   9.890854e-01   1.214094e-02   2.731505e+00   1.806630e+00   2.197911e-01   3.950045e-01   5.228919e-01   7.201625e-01   1.306936e+00   3.716497e+00   1.001466e+00   1.041427e-01
         1152   6.773528e-02   3.065795e+00   1.659095e-01   5.563694e-01   1.540291e-01   1.160325e-01   2.021209e+00   2.494861e-02   3.311254e-01   2.119241e-01   2.137065e-01   3.848106e-01   5.103152e-01   7.049723e-01   1.289349e+00   3.704487e+00   9.879894e-01   1.216602e-02   2.734641e+00   1.809285e+00   2.197154e-01   3.948980e-01   5.227858e-01   7.200932e-01   1.307123e+00   3.717638e+00   1.001610e+00   1.038664e-01
         1262   7.444242e-02   3.072415e+00   1.658358e-01   5.555335e-01   1.540234e-01   1.157593e-01   2.025567e+00   2.735032e-02   3.343054e-01   2.133640e-01   2.130521e-01   3.837244e-01   5.089904e-01   7.034139e-01   1.287779e+00   3.704412e+00   9.867865e-01   1.219356e-02   2.738077e+00   1.812203e+00   2.196327e-01   3.947813e-01   5.226695e-01   7.200171e-01   1.307328e+00   3.718887e+00   1.001767e+00   1.035658e-01
         1382   8.180695e-02   3.079705e+00   1.657554e-01   5.546188e-01   1.540173e-01   1.154618e-01   2.030374e+00   2.997329e-02   3.378169e-01   2.149542e-01   2.123383e-01   3.825379e-01   5.075411e-01   7.017057e-01   1.286051e+00   3.704324e+00   9.854628e-01   1.222386e-02   2.741852e+00   1.815420e+00   2.195419e-01   3.946532e-01   5.225417e-01   7.199333e-01   1.307553e+00   3.720259e+00   1.001939e+00   1.032380e-01
         1513   8.990435e-02   3.087746e+00   1.656675e-01   5.536167e-01   1.540107e-01   1.151376e-01   2.035686e+00   3.284023e-02   3.417019e-01   2.167139e-01   2.115594e-01   3.812406e-01   5.059542e-01   6.998310e-01   1.284148e+00   3.704221e+00   9.840042e-01   1.225726e-02   2.746006e+00   1.818972e+00   2.194422e-01   3.945124e-01   5.224012e-01   7.198409e-01   1.307799e+00   3.721766e+00   1.002127e+00   1.028803e-01
         1655   9.875115e-02   3.096564e+00   1.655721e-01   5.525264e-01   1.540039e-01   1.147867e-01   2.041520e+00   3.595215e-02   3.459751e-01   2.186500e-01   2.107152e-01   3.798320e-01   5.042283e-01   6.977872e-01   1.282063e+00   3.704101e+00   9.824065e-01   1.229383e-02   2.750546e+00   1.822870e+00   2.193334e-01   3.943587e-01   5.222475e-01   7.197396e-01   1.308067e+00   3.723411e+00   1.002333e+00   1.024928e-01
         1809   1.084289e-01   3.106248e+00   1.654685e-01   5.513388e-01   1.539958e-01   1.144015e-01   2.047846e+00   3.932726e-02   3.506836e-01   2.207843e-01   2.098000e-01   3.783015e-01   5.023496e-01   6.955566e-01   1.279776e+00   3.703960e+00   9.806541e-01   1.233396e-02   2.755517e+00   1.827062e+00   2.192144e-01   3.941905e-01   5.220794e-01   7.196283e-01   1.308359e+00   3.725210e+00   1.002557e+00   1.020675e-01
         1977   1.190876e-01   3.116960e+00   1.653553e-01   5.500370e-01   1.539829e-01   1.139588e-01   2.054439e+00   4.299419e-02   3.559104e-01   2.231546e-01   2.088018e-01   3.766284e-01   5.002919e-01   6.931063e-01   1.277250e+00   3.703793e+00   9.787183e-01   1.237829e-02   2.760998e+00   1.831284e+00   2.190836e-01   3.940054e-01   5.218940e-01   7.195053e-01   1.308680e+00   3.727190e+00   1.002802e+00   1.015805e-01
         2159   1.307564e-01   3.128743e+00   1.652325e-01   5.486194e-01   1.539694e-01   1.134800e-01   2.061708e+00   4.697392e-02   3.616812e-01   2.257736e-01   2.077206e-01   3.748117e-01   4.980528e-01   6.904314e-01   1.274475e+00   3.703598e+00   9.765924e-01   1.242698e-02   2.767005e+00   1.835935e+00   2.189406e-01   3.938028e-01   5.216909e-01   7.193700e-01   1.309030e+00   3.729356e+00   1.003070e+00   1.010531e-01
         2356   1.435335e-01   3.141693e+00   1.650988e-01   5.470787e-01   1.539547e-01   1.129639e-01   2.069719e+00   5.129294e-02   3.680512e-01   2.286683e-01   2.065521e-01   3.728423e-01   4.956187e-01   6.875127e-01   1.271428e+00   3.703368e+00   9.742571e-01   1.248056e-02   2.773580e+00   1.841051e+00   2.187844e-01   3.935814e-01   5.214687e-01   7.192215e-01   1.309411e+00   3.731725e+00   1.003363e+00   1.004833e-01
         2569   1.575247e-01   3.155906e+00   1.649522e-01   5.454081e-01   1.539378e-01   1.124087e-01   2.078530e+00   5.598556e-02   3.750803e-01   2.318643e-01   2.052920e-01   3.707133e-01   4.929803e-01   6.843337e-01   1.268082e+00   3.703101e+00   9.716933e-01   1.253942e-02   2.780757e+00   1.846666e+00   2.186145e-01   3.933406e-01   5.212269e-01   7.190597e-01   1.309828e+00   3.734320e+00   1.003682e+00   9.986923e-02
         2799   1.728443e-01   3.171499e+00   1.647914e-01   5.435944e-01   1.539178e-01   1.118099e-01   2.088221e+00   6.108252e-02   3.828399e-01   2.353923e-01   2.039350e-01   3.684149e-01   4.901261e-01   6.808799e-01   1.264412e+00   3.702793e+00   9.688817e-01   1.260364e-02   2.788584e+00   1.852829e+00   2.184300e-01   3.930791e-01   5.209649e-01   7.188851e-01   1.310286e+00   3.737161e+00   1.004033e+00   9.920622e-02
         3047   1.896168e-01   3.188618e+00   1.646151e-01   5.416256e-01   1.538945e-01   1.111646e-01   2.098893e+00   6.660804e-02   3.914136e-01   2.392919e-01   2.024755e-01   3.659356e-01   4.870399e-01   6.771334e-01   1.260392e+00   3.702441e+00   9.658009e-01   1.267372e-02   2.797122e+00   1.859601e+00   2.182295e-01   3.927953e-01   5.206808e-01   7.186975e-01   1.310789e+00   3.740273e+00   1.004419e+00   9.849091e-02
         3315   2.080481e-01   3.207505e+00   1.644219e-01   5.394815e-01   1.538677e-01   1.104680e-01   2.110708e+00   7.260829e-02   4.009333e-01   2.436253e-01   2.009015e-01   3.632532e-01   4.836917e-01   6.730533e-01   1.255973e+00   3.702038e+00   9.624146e-01   1.275061e-02   2.806481e+00   1.867082e+00   2.180106e-01   3.924856e-01   5.203712e-01   7.184942e-01   1.311345e+00   3.743696e+00   1.004845e+00   9.771740e-02
         3603   2.282220e-01   3.228293e+00   1.642116e-01   5.371566e-01   1.538380e-01   1.097148e-01   2.123653e+00   7.910438e-02   4.114749e-01   2.483234e-01   1.992125e-01   3.603649e-01   4.800753e-01   6.686263e-01   1.251135e+00   3.701576e+00   9.587074e-01   1.282919e-02   2.816718e+00   1.875330e+00   2.177723e-01   3.921484e-01   5.200342e-01   7.182738e-01   1.311956e+00   3.747444e+00   1.005313e+00   9.688559e-02
         3912   2.503057e-01   3.251208e+00   1.639836e-01   5.345931e-01   1.538072e-01   1.088871e-01   2.138098e+00   8.610420e-02   4.231643e-01   2.535503e-01   1.974024e-01   3.572575e-01   4.761712e-01   6.638223e-01   1.245837e+00   3.701047e+00   9.546479e-01   1.291258e-02   2.827934e+00   1.884548e+00   2.175125e-01   3.917805e-01   5.196665e-01   7.180334e-01   1.312626e+00   3.751548e+00   1.005826e+00   9.597451e-02
         4243   2.744858e-01   3.276512e+00   1.637371e-01   5.317018e-01   1.537780e-01   1.079497e-01   2.154460e+00   9.363790e-02   4.361446e-01   2.594163e-01   1.954648e-01   3.539175e-01   4.719593e-01   6.586092e-01   1.240033e+00   3.700435e+00   9.502004e-01   1.299811e-02   2.840247e+00   1.895044e+00   2.172288e-01   3.913785e-01   5.192642e-01   7.177699e-01   1.313360e+00   3.756041e+00   1.006389e+00   9.495159e-02
         4536   2.963608e-01   3.299575e+00   1.635163e-01   5.291193e-01   1.537522e-01   1.071242e-01   2.169442e+00   1.003315e-01   4.480395e-01   2.648060e-01   1.937525e-01   3.509532e-01   4.682055e-01   6.539347e-01   1.234774e+00   3.699850e+00   9.461704e-01   1.307577e-02   2.851406e+00   1.904636e+00   2.169729e-01   3.910156e-01   5.189006e-01   7.175308e-01   1.314022e+00   3.760104e+00   1.006896e+00   9.404846e-02
         4597   3.009723e-01   3.304454e+00   1.634699e-01   5.285794e-01   1.537466e-01   1.069530e-01   2.172619e+00   1.017290e-01   4.505640e-01   2.659515e-01   1.933965e-01   3.503357e-01   4.674217e-01   6.529548e-01   1.233665e+00   3.699725e+00   9.453205e-01   1.309218e-02   2.853758e+00   1.906668e+00   2.169192e-01   3.909393e-01   5.188241e-01   7.174804e-01   1.314162e+00   3.760961e+00   1.007003e+00   9.386085e-02
         4974   3.299245e-01   3.335217e+00   1.631794e-01   5.252234e-01   1.537111e-01   1.058987e-01   2.192703e+00   1.104000e-01   4.665473e-01   2.732124e-01   1.912003e-01   3.465172e-01   4.625636e-01   6.468499e-01   1.226689e+00   3.698904e+00   9.399753e-01   1.319506e-02   2.868525e+00   1.919491e+00   2.165830e-01   3.904626e-01   5.183462e-01   7.171655e-01   1.315039e+00   3.766339e+00   1.007675e+00   9.270368e-02
         5374   3.615232e-01   3.369061e+00   1.628642e-01   5.216165e-01   1.536703e-01   1.047831e-01   2.214923e+00   1.196572e-01   4.842548e-01   2.812755e-01   1.888766e-01   3.424602e-01   4.573822e-01   6.402913e-01   1.219062e+00   3.697961e+00   9.341313e-01   1.330652e-02   2.884647e+00   1.933648e+00   2.162187e-01   3.899461e-01   5.178291e-01   7.168259e-01   1.315996e+00   3.772211e+00   1.008409e+00   9.147659e-02
         5798   3.960562e-01   3.406413e+00   1.625231e-01   5.177366e-01   1.536183e-01   1.035751e-01   2.238978e+00   1.294922e-01   5.039287e-01   2.902618e-01   1.864191e-01   3.381507e-01   4.518550e-01   6.332470e-01   1.210714e+00   3.696871e+00   9.277344e-01   1.342750e-02   2.902310e+00   1.948717e+00   2.158227e-01   3.893848e-01   5.172676e-01   7.164590e-01   1.317043e+00   3.778630e+00   1.009211e+00   9.014759e-02
         6246   4.337645e-01   3.447690e+00   1.621558e-01   5.135594e-01   1.535500e-01   1.022435e-01   2.264565e+00   1.398721e-01   5.258049e-01   3.002993e-01   1.838267e-01   3.335836e-01   4.459711e-01   6.256910e-01   1.201587e+00   3.695616e+00   9.207404e-01   1.355830e-02   2.921694e+00   1.964266e+00   2.153917e-01   3.887738e-01   5.166563e-01   7.160602e-01   1.318187e+00   3.785640e+00   1.010087e+00   8.868520e-02
         6718   4.749259e-01   3.493307e+00   1.617602e-01   5.090742e-01   1.534765e-01   1.008423e-01   2.293088e+00   1.508497e-01   5.501283e-01   3.115272e-01   1.811026e-01   3.287608e-01   4.397245e-01   6.175979e-01   1.191612e+00   3.694162e+00   9.130968e-01   1.369992e-02   2.942969e+00   1.981561e+00   2.149229e-01   3.881087e-01   5.159900e-01   7.156245e-01   1.319433e+00   3.793290e+00   1.011042e+00   8.714237e-02
         7215   5.199497e-01   3.543815e+00   1.613316e-01   5.042761e-01   1.533936e-01   9.937663e-02   2.324880e+00   1.624646e-01   5.772358e-01   3.241004e-01   1.782443e-01   3.236795e-01   4.331125e-01   6.089417e-01   1.180705e+00   3.692481e+00   9.047393e-01   1.385362e-02   2.966349e+00   2.000779e+00   2.144130e-01   3.873857e-01   5.152659e-01   7.151505e-01   1.320797e+00   3.801660e+00   1.012088e+00   8.552301e-02
         7736   5.691092e-01   3.599749e+00   1.608693e-01   4.988997e-01   1.533081e-01   9.773523e-02   2.361200e+00   1.747156e-01   6.074424e-01   3.383314e-01   1.752573e-01   3.183469e-01   4.261434e-01   5.997399e-01   1.168813e+00   3.690541e+00   8.956269e-01   1.400428e-02   2.992054e+00   2.022868e+00   2.138587e-01   3.866001e-01   5.144801e-01   7.146381e-01   1.322289e+00   3.810801e+00   1.013231e+00   8.373095e-02
         8002   5.950195e-01   3.629604e+00   1.606289e-01   4.960932e-01   1.532637e-01   9.689205e-02   2.380782e+00   1.809799e-01   6.236295e-01   3.460041e-01   1.737348e-01   3.156203e-01   4.225681e-01   5.949894e-01   1.162550e+00   3.689473e+00   8.908274e-01   1.408152e-02   3.005710e+00   2.034778e+00   2.135667e-01   3.861865e-01   5.140664e-01   7.143688e-01   1.323075e+00   3.815619e+00   1.013833e+00   8.281053e-02
         8281   6.228097e-01   3.661905e+00   1.603734e-01   4.931205e-01   1.532164e-01   9.601166e-02   2.402072e+00   1.875519e-01   6.411897e-01   3.543571e-01   1.721402e-01   3.127578e-01   4.188057e-01   5.899682e-01   1.155838e+00   3.688295e+00   8.856839e-01   1.416378e-02   3.020439e+00   2.047715e+00   2.132538e-01   3.857429e-01   5.136227e-01   7.140802e-01   1.323918e+00   3.820786e+00   1.014479e+00   8.184789e-02
         8849   6.814139e-01   3.730923e+00   1.598405e-01   4.869890e-01   1.531126e-01   9.421624e-02   2.447313e+00   2.009160e-01   6.788638e-01   3.722837e-01   1.689037e-01   3.069312e-01   4.111169e-01   5.796246e-01   1.141699e+00   3.685698e+00   8.748502e-01   1.433211e-02   3.051755e+00   2.075030e+00   2.125953e-01   3.848091e-01   5.126878e-01   7.134707e-01   1.325693e+00   3.831682e+00   1.015839e+00   7.988413e-02
         9440   7.454340e-01   3.807723e+00   1.592666e-01   4.804781e-01   1.529730e-01   9.225384e-02   2.495083e+00   2.147017e-01   7.210126e-01   3.921520e-01   1.655505e-01   3.008740e-01   4.030927e-01   5.687221e-01   1.126313e+00   3.682702e+00   8.630603e-01   1.449953e-02   3.086377e+00   2.102931e+00   2.118779e-01   3.837928e-01   5.116715e-01   7.128082e-01   1.327634e+00   3.843589e+00   1.017326e+00   7.775432e-02
        10054   8.154388e-01   3.893591e+00   1.586522e-01   4.735529e-01   1.528217e-01   9.023118e-02   2.549015e+00   2.289502e-01   7.683487e-01   4.146127e-01   1.620782e-01   2.945809e-01   3.947248e-01   5.572614e-01   1.109589e+00   3.679231e+00   8.502452e-01   1.467665e-02   3.124876e+00   2.134402e+00   2.110926e-01   3.826808e-01   5.105601e-01   7.120862e-01   1.329756e+00   3.856609e+00   1.018952e+00   7.555453e-02
        10690   8.919493e-01   3.989658e+00   1.579941e-01   4.658791e-01   1.526666e-01   8.801845e-02   2.611411e+00   2.436563e-01   8.215335e-01   4.403780e-01   1.584982e-01   2.880725e-01   3.860345e-01   5.452490e-01   1.091440e+00   3.675223e+00   8.363380e-01   1.484308e-02   3.167722e+00   2.171033e+00   2.102337e-01   3.814638e-01   5.093426e-01   7.112940e-01   1.332073e+00   3.870839e+00   1.020728e+00   7.317537e-02
        10709   8.942996e-01   3.992645e+00   1.579740e-01   4.656469e-01   1.526618e-01   8.795264e-02   2.613364e+00   2.440940e-01   8.231906e-01   4.411843e-01   1.583916e-01   2.878785e-01   3.857750e-01   5.448885e-01   1.090885e+00   3.675096e+00   8.359124e-01   1.484803e-02   3.169050e+00   2.172180e+00   2.102073e-01   3.814265e-01   5.093053e-01   7.112697e-01   1.332144e+00   3.871276e+00   1.020783e+00   7.310461e-02
        11349   9.756583e-01   4.097432e+00   1.572877e-01   4.577455e-01   1.524954e-01   8.575227e-02   2.682221e+00   2.587245e-01   8.814524e-01   4.696364e-01   1.548146e-01   2.813612e-01   3.770478e-01   5.327225e-01   1.071773e+00   3.670590e+00   8.212674e-01   1.501457e-02   3.215536e+00   2.212585e+00   2.092936e-01   3.801331e-01   5.080127e-01   7.104280e-01   1.334609e+00   3.886411e+00   1.022671e+00   7.073770e-02
        12035   1.067549e+00   4.219333e+00   1.565340e-01   4.491053e-01   1.522672e-01   8.329846e-02   2.758758e+00   2.739221e-01   9.494481e-01   5.031130e-01   1.510161e-01   2.744258e-01   3.677360e-01   5.196603e-01   1.050469e+00   3.665217e+00   8.049432e-01   1.519109e-02   3.269396e+00   2.255645e+00   2.082566e-01   3.786649e-01   5.065457e-01   7.094743e-01   1.337390e+00   3.903504e+00   1.024802e+00   6.810738e-02
        12750   1.168505e+00   4.357419e+00   1.557248e-01   4.398083e-01   1.520224e-01   8.074353e-02   2.847337e+00   2.893797e-01   1.026752e+00   5.416905e-01   1.471138e-01   2.672907e-01   3.581325e-01   5.060873e-01   1.027448e+00   3.658979e+00   7.873027e-01   1.536102e-02   3.330126e+00   2.305646e+00   2.071144e-01   3.770476e-01   5.049283e-01   7.084203e-01   1.340445e+00   3.922283e+00   1.027143e+00   6.538251e-02
        12920   1.193290e+00   4.392018e+00   1.555293e-01   4.375179e-01   1.519639e-01   8.012138e-02   2.870002e+00   2.929941e-01   1.046162e+00   5.514972e-01   1.461949e-01   2.656098e-01   3.558682e-01   5.028775e-01   1.021863e+00   3.657395e+00   7.830233e-01   1.539606e-02   3.345302e+00   2.318505e+00   2.068333e-01   3.766499e-01   5.045309e-01   7.081610e-01   1.341195e+00   3.926894e+00   1.027718e+00   6.472532e-02
        13498   1.279779e+00   4.515133e+00   1.548597e-01   4.296934e-01   1.517644e-01   7.804725e-02   2.951227e+00   3.050399e-01   1.115322e+00   5.865676e-01   1.430968e-01   2.599396e-01   3.482255e-01   4.920230e-01   1.002611e+00   3.651725e+00   7.682713e-01   1.551219e-02   3.399211e+00   2.364660e+00   2.058483e-01   3.752560e-01   5.031386e-01   7.072541e-01   1.343812e+00   3.942985e+00   1.029724e+00   6.253506e-02
        14284   1.402770e+00   4.696466e+00   1.539352e-01   4.190320e-01   1.514326e-01   7.520237e-02   3.066276e+00   3.205715e-01   1.217469e+00   6.386972e-01   1.389614e-01   2.523669e-01   3.380050e-01   4.774463e-01   9.758877e-01   3.643266e+00   7.477937e-01   1.566446e-02   3.478330e+00   2.427579e+00   2.044394e-01   3.732602e-01   5.011424e-01   7.059515e-01   1.347531e+00   3.965865e+00   1.032573e+00   5.953792e-02
        14825   1.491097e+00   4.831246e+00   1.532878e-01   4.115280e-01   1.511970e-01   7.325372e-02   3.153209e+00   3.308368e-01   1.293620e+00   6.779934e-01   1.361687e-01   2.472537e-01   3.311027e-01   4.675787e-01   9.572068e-01   3.636928e+00   7.334791e-01   1.575079e-02   3.536909e+00   2.475216e+00   2.034237e-01   3.718223e-01   4.997052e-01   7.050121e-01   1.350207e+00   3.982301e+00   1.034623e+00   5.750293e-02
        15114   1.539524e+00   4.906958e+00   1.529410e-01   4.074192e-01   1.510733e-01   7.220202e-02   3.202919e+00   3.361755e-01   1.336458e+00   7.003222e-01   1.346923e-01   2.445510e-01   3.274543e-01   4.623598e-01   9.471561e-01   3.633352e+00   7.257775e-01   1.578706e-02   3.569755e+00   2.502597e+00   2.028638e-01   3.710295e-01   4.989131e-01   7.044948e-01   1.351673e+00   3.991312e+00   1.035747e+00   5.641496e-02
        15988   1.691105e+00   5.152362e+00   1.518885e-01   3.950407e-01   1.506675e-01   6.908337e-02   3.361779e+00   3.515023e-01   1.475639e+00   7.731646e-01   1.303013e-01   2.365147e-01   3.166044e-01   4.468180e-01   9.165888e-01   3.621793e+00   7.023547e-01   1.588826e-02   3.675886e+00   2.588614e+00   2.010998e-01   3.685291e-01   4.964112e-01   7.028578e-01   1.356262e+00   4.019519e+00   1.039263e+00   5.319511e-02
        16522   1.787348e+00   5.314639e+00   1.512384e-01   3.875323e-01   1.503916e-01   6.722862e-02   3.465386e+00   3.602755e-01   1.568013e+00   8.216977e-01   1.276821e-01   2.317253e-01   3.101419e-01   4.375576e-01   8.979176e-01   3.614168e+00   6.880476e-01   1.594096e-02   3.745727e+00   2.643689e+00   1.999757e-01   3.669365e-01   4.948185e-01   7.018144e-01   1.359184e+00   4.037437e+00   1.041503e+00   5.128765e-02
        16821   1.842549e+00   5.410287e+00   1.508750e-01   3.831613e-01   1.502409e-01   6.615236e-02   3.527943e+00   3.650437e-01   1.622556e+00   8.507750e-01   1.262307e-01   2.290725e-01   3.065640e-01   4.324336e-01   8.874691e-01   3.609695e+00   6.800412e-01   1.595286e-02   3.786796e+00   2.677168e+00   1.993274e-01   3.660180e-01   4.939002e-01   7.012137e-01   1.360863e+00   4.047716e+00   1.042789e+00   5.019950e-02
        17611   1.992897e+00   5.680894e+00   1.499217e-01   3.716766e-01   1.498421e-01   6.340730e-02   3.704802e+00   3.769976e-01   1.777255e+00   9.333976e-01   1.224460e-01   2.221598e-01   2.972450e-01   4.190920e-01   8.599424e-01   3.597169e+00   6.589483e-01   1.597500e-02   3.902601e+00   2.771404e+00   1.975479e-01   3.634930e-01   4.913728e-01   6.995573e-01   1.365433e+00   4.075711e+00   1.046291e+00   4.743230e-02
        18061   2.081291e+00   5.846373e+00   1.493738e-01   3.652132e-01   1.495801e-01   6.186815e-02   3.810211e+00   3.833493e-01   1.872253e+00   9.842387e-01   1.203343e-01   2.183070e-01   2.920558e-01   4.116681e-01   8.444151e-01   3.589588e+00   6.470502e-01   1.598154e-02   3.973018e+00   2.825973e+00   1.964999e-01   3.620065e-01   4.898845e-01   6.985807e-01   1.368130e+00   4.092181e+00   1.048357e+00   4.588662e-02
        18370   2.143035e+00   5.965102e+00   1.489994e-01   3.607912e-01   1.494020e-01   6.084052e-02   3.886389e+00   3.875461e-01   1.940571e+00   1.020907e+00   1.189024e-01   2.156964e-01   2.885421e-01   4.066477e-01   8.338538e-01   3.584200e+00   6.389574e-01   1.598207e-02   4.023383e+00   2.865482e+00   1.957654e-01   3.609648e-01   4.888427e-01   6.978985e-01   1.370019e+00   4.103689e+00   1.049805e+00   4.485846e-02
        19095   2.292017e+00   6.263478e+00   1.481341e-01   3.501038e-01   1.490032e-01   5.839580e-02   4.082371e+00   3.969571e-01   2.112760e+00   1.114661e+00   1.155748e-01   2.096342e-01   2.803896e-01   3.950169e-01   8.092792e-01   3.570905e+00   6.201266e-01   1.594454e-02   4.149453e+00   2.967710e+00   1.939781e-01   3.584281e-01   4.863053e-01   6.962388e-01   1.374587e+00   4.131464e+00   1.053305e+00   4.245126e-02
        19475   2.372363e+00   6.431377e+00   1.476847e-01   3.445567e-01   1.487790e-01   5.714022e-02   4.190648e+00   4.015686e-01   2.210031e+00   1.167625e+00   1.138516e-01   2.064978e-01   2.761752e-01   3.890106e-01   7.965466e-01   3.563546e+00   6.103700e-01   1.592078e-02   4.220015e+00   3.023023e+00   1.930087e-01   3.570504e-01   4.849247e-01   6.953336e-01   1.377054e+00   4.146443e+00   1.055195e+00   4.121945e-02
        19791   2.440318e+00   6.576774e+00   1.473058e-01   3.399840e-01   1.485780e-01   5.611196e-02   4.283525e+00   4.052589e-01   2.294563e+00   1.213675e+00   1.124348e-01   2.039213e-01   2.727160e-01   3.840867e-01   7.860684e-01   3.557263e+00   6.023408e-01   1.589852e-02   4.280821e+00   3.069850e+00   1.921908e-01   3.558893e-01   4.837627e-01   6.945734e-01   1.379152e+00   4.159125e+00   1.056803e+00   4.021345e-02
        20464   2.588057e+00   6.906078e+00   1.465116e-01   3.301643e-01   1.481649e-01   5.395106e-02   4.497083e+00   4.127161e-01   2.486763e+00   1.319181e+00   1.094589e-01   1.985144e-01   2.654638e-01   3.737850e-01   7.641331e-01   3.543338e+00   5.855325e-01   1.582609e-02   4.417792e+00   3.177902e+00   1.904033e-01   3.533524e-01   4.812270e-01   6.929216e-01   1.383736e+00   4.186714e+00   1.060316e+00   3.812497e-02
        20786   2.660477e+00   7.074766e+00   1.461405e-01   3.254307e-01   1.479791e-01   5.293766e-02   4.607979e+00   4.161024e-01   2.585590e+00   1.373762e+00   1.080460e-01   1.959494e-01   2.620264e-01   3.689110e-01   7.537821e-01   3.536395e+00   5.776008e-01   1.578214e-02   4.487585e+00   3.234217e+00   1.895201e-01   3.520979e-01   4.799730e-01   6.921061e-01   1.385990e+00   4.200243e+00   1.062043e+00   3.715553e-02
        21108   2.734104e+00   7.251578e+00   1.457771e-01   3.207146e-01   1.477855e-01   5.192913e-02   4.722546e+00   4.193273e-01   2.689438e+00   1.431154e+00   1.066372e-01   1.933929e-01   2.586021e-01   3.640608e-01   7.435115e-01   3.529226e+00   5.697307e-01   1.573697e-02   4.560477e+00   3.291392e+00   1.886166e-01   3.508134e-01   4.786880e-01   6.912691e-01   1.388283e+00   4.213995e+00   1.063800e+00   3.619215e-02
        21730   2.879649e+00   7.614385e+00   1.450601e-01   3.117150e-01   1.473726e-01   5.002583e-02   4.954986e+00   4.252483e-01   2.903804e+00   1.549628e+00   1.039475e-01   1.885183e-01   2.520806e-01   3.548399e-01   7.239697e-01   3.514904e+00   5.547565e-01   1.564514e-02   4.708767e+00   3.405358e+00   1.868379e-01   3.482884e-01   4.761646e-01   6.896329e-01   1.392860e+00   4.241223e+00   1.067307e+00   3.438069e-02
        22002   2.944474e+00   7.782597e+00   1.447497e-01   3.077130e-01   1.471968e-01   4.918858e-02   5.064635e+00   4.277216e-01   3.003655e+00   1.605398e+00   1.027840e-01   1.864112e-01   2.492641e-01   3.508651e-01   7.155676e-01   3.508428e+00   5.483182e-01   1.559189e-02   4.777058e+00   3.459237e+00   1.860437e-01   3.471616e-01   4.750406e-01   6.889083e-01   1.394911e+00   4.253360e+00   1.068879e+00   3.359669e-02
        22332   3.024026e+00   7.995223e+00   1.443798e-01   3.028813e-01   1.469918e-01   4.819886e-02   5.204042e+00   4.306148e-01   3.130252e+00   1.676229e+00   1.013810e-01   1.838719e-01   2.458716e-01   3.460832e-01   7.055041e-01   3.500430e+00   5.406068e-01   1.552491e-02   4.862996e+00   3.527813e+00   1.850653e-01   3.457733e-01   4.736567e-01   6.880201e-01   1.397441e+00   4.268265e+00   1.070818e+00   3.267394e-02
        22911   3.166721e+00   8.395360e+00   1.437532e-01   2.944578e-01   1.466250e-01   4.649261e-02   5.463062e+00   4.353490e-01   3.369589e+00   1.810239e+00   9.892541e-02   1.794297e-01   2.399412e-01   3.377370e-01   6.880560e-01   3.485858e+00   5.272368e-01   1.540578e-02   5.023625e+00   3.652823e+00   1.832957e-01   3.432604e-01   4.711509e-01   6.864126e-01   1.401993e+00   4.295006e+00   1.074306e+00   3.108683e-02
        23136   3.223343e+00   8.560901e+00   1.435145e-01   2.911987e-01   1.464788e-01   4.584046e-02   5.569315e+00   4.370935e-01   3.469068e+00   1.865972e+00   9.797239e-02   1.777068e-01   2.376426e-01   3.345073e-01   6.813348e-01   3.480010e+00   5.220866e-01   1.535863e-02   5.089614e+00   3.703343e+00   1.825903e-01   3.422590e-01   4.701522e-01   6.857726e-01   1.403808e+00   4.305624e+00   1.075697e+00   3.048184e-02
        23469   3.308280e+00   8.815183e+00   1.431484e-01   2.863669e-01   1.462522e-01   4.488246e-02   5.733630e+00   4.396407e-01   3.622621e+00   1.952264e+00   9.657132e-02   1.751764e-01   2.342705e-01   3.297766e-01   6.714872e-01   3.471179e+00   5.145407e-01   1.528219e-02   5.190232e+00   3.781366e+00   1.815392e-01   3.407705e-01   4.686714e-01   6.848307e-01   1.406556e+00   4.321572e+00   1.077802e+00   2.960028e-02
        24011   3.448991e+00   9.256545e+00   1.425617e-01   2.784450e-01   1.458994e-01   4.334083e-02   6.022821e+00   4.435881e-01   3.890627e+00   2.104070e+00   9.430705e-02   1.710898e-01   2.288277e-01   3.221519e-01   6.557281e-01   3.456435e+00   5.024650e-01   1.514110e-02   5.363392e+00   3.918751e+00   1.797925e-01   3.382979e-01   4.662172e-01   6.832855e-01   1.411153e+00   4.348031e+00   1.081325e+00   2.819973e-02
        24198   3.498168e+00   9.417369e+00   1.423660e-01   2.757358e-01   1.457797e-01   4.282195e-02   6.127852e+00   4.448725e-01   3.988711e+00   2.159697e+00   9.352988e-02   1.696877e-01   2.269613e-01   3.195406e-01   6.503671e-01   3.451227e+00   4.983570e-01   1.509214e-02   5.426060e+00   3.968155e+00   1.791786e-01   3.374288e-01   4.653552e-01   6.827453e-01   1.412768e+00   4.357283e+00   1.082562e+00   2.772981e-02
        24535   3.587901e+00   9.720217e+00   1.420218e-01   2.708501e-01   1.455478e-01   4.187526e-02   6.322540e+00   4.470651e-01   4.174031e+00   2.265020e+00   9.212899e-02   1.671610e-01   2.235991e-01   3.148404e-01   6.407634e-01   3.441704e+00   4.909979e-01   1.500161e-02   5.543451e+00   4.057521e+00   1.780534e-01   3.358356e-01   4.637758e-01   6.817583e-01   1.415728e+00   4.374176e+00   1.084831e+00   2.687365e-02
        25038   3.724754e+00   1.020647e+01   1.415245e-01   2.635258e-01   1.452230e-01   4.049272e-02   6.637871e+00   4.501994e-01   4.473327e+00   2.435827e+00   9.003363e-02   1.633837e-01   2.185755e-01   3.078280e-01   6.265266e-01   3.426981e+00   4.800887e-01   1.485917e-02   5.730188e+00   4.202043e+00   1.763271e-01   3.333928e-01   4.613563e-01   6.802524e-01   1.420273e+00   4.399958e+00   1.088313e+00   2.563355e-02
        25188   3.766255e+00   1.035916e+01   1.413710e-01   2.613097e-01   1.451216e-01   4.007584e-02   6.738095e+00   4.511265e-01   4.567876e+00   2.490227e+00   8.941042e-02   1.622611e-01   2.170842e-01   3.057514e-01   6.223209e-01   3.422525e+00   4.768660e-01   1.481101e-02   5.788253e+00   4.247867e+00   1.758062e-01   3.326588e-01   4.606321e-01   6.798068e-01   1.421669e+00   4.407794e+00   1.089383e+00   2.526484e-02
        25526   3.860793e+00   1.071747e+01   1.410243e-01   2.563461e-01   1.448977e-01   3.916010e-02   6.974046e+00   4.531602e-01   4.790629e+00   2.618402e+00   8.800824e-02   1.597373e-01   2.137335e-01   3.010881e-01   6.129151e-01   3.412270e+00   4.696586e-01   1.470264e-02   5.923640e+00   4.355645e+00   1.746191e-01   3.309868e-01   4.589848e-01   6.788012e-01   1.424868e+00   4.425653e+00   1.091834e+00   2.445746e-02
        25998   3.994956e+00   1.125336e+01   1.405550e-01   2.494877e-01   1.445631e-01   3.789754e-02   7.321245e+00   4.557712e-01   5.125778e+00   2.811484e+00   8.605517e-02   1.562231e-01   2.090692e-01   2.946027e-01   5.999415e-01   3.397642e+00   4.597173e-01   1.455331e-02   6.124132e+00   4.509761e+00   1.729262e-01   3.286031e-01   4.566414e-01   6.773873e-01   1.429455e+00   4.451036e+00   1.095349e+00   2.334424e-02
        26117   4.029178e+00   1.139567e+01   1.404409e-01   2.477692e-01   1.444812e-01   3.758653e-02   7.413298e+00   4.563981e-01   5.215164e+00   2.863024e+00   8.556289e-02   1.553375e-01   2.078940e-01   2.929700e-01   5.966931e-01   3.393892e+00   4.572282e-01   1.451596e-02   6.176986e+00   4.550274e+00   1.724921e-01   3.279920e-01   4.560412e-01   6.770272e-01   1.430631e+00   4.457515e+00   1.096250e+00   2.307057e-02
        26454   4.127068e+00   1.181619e+01   1.401272e-01   2.428711e-01   1.442600e-01   3.670917e-02   7.687198e+00   4.581278e-01   5.480244e+00   3.016576e+00   8.416687e-02   1.528265e-01   2.045629e-01   2.883447e-01   5.875284e-01   3.383118e+00   4.502056e-01   1.440525e-02   6.332230e+00   4.670622e+00   1.712450e-01   3.262370e-01   4.543193e-01   6.759987e-01   1.434015e+00   4.476060e+00   1.098843e+00   2.230392e-02
        26894   4.257315e+00   1.240779e+01   1.397317e-01   2.364054e-01   1.439952e-01   3.556786e-02   8.076197e+00   4.603098e-01   5.855617e+00   3.234790e+00   8.233728e-02   1.495368e-01   2.002009e-01   2.822957e-01   5.756166e-01   3.368677e+00   4.410779e-01   1.424613e-02   6.548162e+00   4.841407e+00   1.695770e-01   3.238939e-01   4.520266e-01   6.746410e-01   1.438560e+00   4.500765e+00   1.102326e+00   2.132173e-02
        26986   4.284636e+00   1.253621e+01   1.396467e-01   2.350717e-01   1.439413e-01   3.533421e-02   8.160479e+00   4.607597e-01   5.937562e+00   3.281964e+00   8.195869e-02   1.488566e-01   1.992996e-01   2.810485e-01   5.731703e-01   3.365661e+00   4.392034e-01   1.421064e-02   6.594574e+00   4.878515e+00   1.692285e-01   3.234069e-01   4.515525e-01   6.743649e-01   1.439526e+00   4.505959e+00   1.103066e+00   2.112357e-02
        27328   4.386097e+00   1.302828e+01   1.393322e-01   2.301784e-01   1.437084e-01   3.445992e-02   8.476996e+00   4.623196e-01   6.252817e+00   3.463454e+00   8.056501e-02   1.463536e-01   1.959857e-01   2.764670e-01   5.642186e-01   3.354397e+00   4.323439e-01   1.407932e-02   6.771142e+00   5.013542e+00   1.679334e-01   3.215995e-01   4.497961e-01   6.733528e-01   1.443141e+00   4.525267e+00   1.105836e+00   2.038060e-02
        27756   4.513093e+00   1.368048e+01   1.389547e-01   2.241779e-01   1.434353e-01   3.341410e-02   8.897597e+00   4.641414e-01   6.673390e+00   3.705925e+00   7.884554e-02   1.432672e-01   1.919007e-01   2.708218e-01   5.532634e-01   3.340205e+00   4.239493e-01   1.391726e-02   7.002439e+00   5.191672e+00   1.663048e-01   3.193287e-01   4.475961e-01   6.721055e-01   1.447718e+00   4.549470e+00   1.109343e+00   1.949684e-02
        27826   4.533868e+00   1.379131e+01   1.388956e-01   2.231911e-01   1.433937e-01   3.324244e-02   8.969813e+00   4.644286e-01   6.745151e+00   3.747618e+00   7.856658e-02   1.427665e-01   1.912380e-01   2.699063e-01   5.514941e-01   3.337881e+00   4.225935e-01   1.388880e-02   7.041450e+00   5.222195e+00   1.660372e-01   3.189557e-01   4.472353e-01   6.719025e-01   1.448471e+00   4.553433e+00   1.109921e+00   1.935364e-02
        28177   4.637966e+00   1.436555e+01   1.386123e-01   2.183046e-01   1.432004e-01   3.240777e-02   9.345050e+00   4.658193e-01   7.118315e+00   3.964544e+00   7.717720e-02   1.402727e-01   1.879377e-01   2.653489e-01   5.427167e-01   3.326223e+00   4.158677e-01   1.374867e-02   7.242231e+00   5.380506e+00   1.646902e-01   3.170798e-01   4.454235e-01   6.708901e-01   1.452266e+00   4.573304e+00   1.112828e+00   1.865910e-02
        28591   4.760421e+00   1.508415e+01   1.383046e-01   2.126709e-01   1.429809e-01   3.145930e-02   9.811746e+00   4.673250e-01   7.588400e+00   4.238075e+00   7.555927e-02   1.373690e-01   1.840960e-01   2.600479e-01   5.325687e-01   3.312444e+00   4.080916e-01   1.358850e-02   7.490381e+00   5.573672e+00   1.630931e-01   3.148591e-01   4.432853e-01   6.697113e-01   1.456781e+00   4.596714e+00   1.116288e+00   1.787081e-02
        28640   4.774878e+00   1.517199e+01   1.382684e-01   2.120142e-01   1.429523e-01   3.134839e-02   9.868282e+00   4.674944e-01   7.646129e+00   4.271687e+00   7.536983e-02   1.370291e-01   1.836465e-01   2.594281e-01   5.313871e-01   3.310817e+00   4.071861e-01   1.356979e-02   7.520445e+00   5.596596e+00   1.629046e-01   3.145980e-01   4.430353e-01   6.695755e-01   1.457319e+00   4.599483e+00   1.116701e+00   1.777860e-02
        29002   4.881228e+00   1.583866e+01   1.379962e-01   2.072093e-01   1.427373e-01   3.054242e-02   1.029905e+01   4.687337e-01   8.086215e+00   4.528496e+00   7.398592e-02   1.345473e-01   1.803659e-01   2.549123e-01   5.228123e-01   3.298826e+00   4.006155e-01   1.342951e-02   7.746669e+00   5.770552e+00   1.615195e-01   3.126881e-01   4.412135e-01   6.686029e-01   1.461319e+00   4.619878e+00   1.119765e+00   1.711290e-02
        29410   5.000236e+00   1.663227e+01   1.376951e-01   2.018042e-01   1.425051e-01   2.963774e-02   1.081872e+01   4.700703e-01   8.613911e+00   4.839533e+00   7.245372e-02   1.318014e-01   1.767394e-01   2.499281e-01   5.134036e-01   3.285455e+00   3.934059e-01   1.325784e-02   8.012161e+00   5.979187e+00   1.599643e-01   3.105523e-01   4.391864e-01   6.675506e-01   1.465864e+00   4.642756e+00   1.123248e+00   1.637990e-02
        29439   5.008668e+00   1.669056e+01   1.376744e-01   2.014244e-01   1.424897e-01   2.957512e-02   1.085704e+01   4.701619e-01   8.652814e+00   4.862507e+00   7.234574e-02   1.316080e-01   1.764840e-01   2.495770e-01   5.127426e-01   3.284501e+00   3.928994e-01   1.324572e-02   8.031516e+00   5.994530e+00   1.598537e-01   3.104005e-01   4.390427e-01   6.674767e-01   1.466188e+00   4.644378e+00   1.123496e+00   1.632941e-02
        29813   5.117103e+00   1.746586e+01   1.374177e-01   1.965937e-01   1.422965e-01   2.878693e-02   1.136600e+01   4.712924e-01   9.172121e+00   5.169430e+00   7.096369e-02   1.291319e-01   1.732143e-01   2.450833e-01   5.043086e-01   3.272261e+00   3.864367e-01   1.309274e-02   8.287085e+00   6.196568e+00   1.584266e-01   3.084439e-01   4.371940e-01   6.665387e-01   1.470382e+00   4.665260e+00   1.126710e+00   1.569420e-02
        30210   5.231470e+00   1.833940e+01   1.371699e-01   1.915942e-01   1.420827e-01   2.797418e-02   1.193250e+01   4.723657e-01   9.761246e+00   5.518189e+00   6.951689e-02   1.265395e-01   1.697909e-01   2.403800e-01   4.955287e-01   3.259330e+00   3.797089e-01   1.293666e-02   8.571009e+00   6.414316e+00   1.569086e-01   3.063676e-01   4.352412e-01   6.655691e-01   1.474862e+00   4.687325e+00   1.130143e+00   1.503751e-02
        30219   5.234052e+00   1.835984e+01   1.371646e-01   1.914823e-01   1.420783e-01   2.795629e-02   1.194579e+01   4.723893e-01   9.775080e+00   5.526385e+00   6.948433e-02   1.264811e-01   1.697138e-01   2.402742e-01   4.953315e-01   3.259039e+00   3.795578e-01   1.293319e-02   8.577604e+00   6.419406e+00   1.568741e-01   3.063206e-01   4.351970e-01   6.655474e-01   1.474963e+00   4.687824e+00   1.130220e+00   1.502310e-02
        30603   5.343710e+00   1.925830e+01   1.369484e-01   1.867220e-01   1.418990e-01   2.719804e-02   1.253350e+01   4.733715e-01   1.038540e+01   5.889831e+00   6.810589e-02   1.240114e-01   1.664529e-01   2.357967e-01   4.870191e-01   3.246657e+00   3.731883e-01   1.278110e-02   8.865243e+00   6.643670e+00   1.554059e-01   3.043195e-01   4.333257e-01   6.646402e-01   1.479314e+00   4.709021e+00   1.133554e+00   1.441695e-02
        30984   5.451205e+00   2.019722e+01   1.367284e-01   1.820850e-01   1.417388e-01   2.645722e-02   1.314749e+01   4.743324e-01   1.102835e+01   6.269366e+00   6.676625e-02   1.216125e-01   1.632878e-01   2.314597e-01   4.790332e-01   3.234563e+00   3.670689e-01   1.261610e-02   9.160670e+00   6.878123e+00   1.539669e-01   3.023775e-01   4.315301e-01   6.638092e-01   1.483665e+00   4.729871e+00   1.136889e+00   1.384112e-02
        30994   5.454007e+00   2.022255e+01   1.367227e-01   1.819650e-01   1.417349e-01   2.643822e-02   1.316406e+01   4.743572e-01   1.104576e+01   6.279620e+00   6.673144e-02   1.215502e-01   1.632056e-01   2.313472e-01   4.788266e-01   3.234248e+00   3.669106e-01   1.261176e-02   9.168574e+00   6.884443e+00   1.539293e-01   3.023270e-01   4.314835e-01   6.637881e-01   1.483779e+00   4.730415e+00   1.136976e+00   1.382646e-02
        31382   5.562036e+00   2.123448e+01   1.365044e-01   1.773701e-01   1.415545e-01   2.570159e-02   1.381783e+01   4.752444e-01   1.174386e+01   6.691011e+00   6.539306e-02   1.191549e-01   1.600477e-01   2.270270e-01   4.709112e-01   3.222080e+00   3.608452e-01   1.244549e-02   9.481827e+00   7.126817e+00   1.524749e-01   3.003760e-01   4.296921e-01   6.629918e-01   1.488219e+00   4.751418e+00   1.140378e+00   1.325610e-02
        31739   5.660349e+00   2.221920e+01   1.363165e-01   1.732512e-01   1.413982e-01   2.505352e-02   1.445312e+01   4.759986e-01   1.242769e+01   7.094325e+00   6.418120e-02   1.169867e-01   1.571899e-01   2.231173e-01   4.637796e-01   3.211066e+00   3.553805e-01   1.229754e-02   9.782126e+00   7.358792e+00   1.511425e-01   2.985945e-01   4.280669e-01   6.622960e-01   1.492318e+00   4.770578e+00   1.143519e+00   1.275598e-02
        31767   5.668018e+00   2.229874e+01   1.363025e-01   1.729293e-01   1.413869e-01   2.500309e-02   1.450470e+01   4.760563e-01   1.248312e+01   7.127143e+00   6.408688e-02   1.168179e-01   1.569674e-01   2.228130e-01   4.632258e-01   3.210207e+00   3.549561e-01   1.228571e-02   9.806195e+00   7.377560e+00   1.510381e-01   2.984552e-01   4.279402e-01   6.622428e-01   1.492640e+00   4.772074e+00   1.143766e+00   1.271738e-02
        32148   5.771718e+00   2.341632e+01   1.361247e-01   1.685763e-01   1.412483e-01   2.432577e-02   1.523345e+01   4.768196e-01   1.326470e+01   7.591719e+00   6.281358e-02   1.145395e-01   1.539637e-01   2.187037e-01   4.557631e-01   3.198570e+00   3.492377e-01   1.212295e-02   1.014153e+01   7.641735e+00   1.496191e-01   2.965644e-01   4.262266e-01   6.615341e-01   1.497018e+00   4.792321e+00   1.147121e+00   1.220282e-02
        32479   5.860734e+00   2.444256e+01   1.359892e-01   1.648731e-01   1.411469e-01   2.376039e-02   1.590469e+01   4.774455e-01   1.398695e+01   8.022243e+00   6.172277e-02   1.125874e-01   1.513901e-01   2.151836e-01   4.493979e-01   3.188619e+00   3.443602e-01   1.198462e-02   1.044490e+01   7.882446e+00   1.483892e-01   2.949326e-01   4.247575e-01   6.609482e-01   1.500827e+00   4.809738e+00   1.150039e+00   1.177577e-02
        32525   5.873019e+00   2.458945e+01   1.359718e-01   1.643614e-01   1.411298e-01   2.368055e-02   1.599977e+01   4.775249e-01   1.409066e+01   8.084283e+00   6.157229e-02   1.123181e-01   1.510351e-01   2.146981e-01   4.485216e-01   3.187247e+00   3.436888e-01   1.196518e-02   1.048799e+01   7.915490e+00   1.482185e-01   2.947065e-01   4.245547e-01   6.608686e-01   1.501355e+00   4.812144e+00   1.150444e+00   1.171536e-02
        32900   5.972251e+00   2.582185e+01   1.358252e-01   1.602571e-01   1.409865e-01   2.304727e-02   1.679922e+01   4.781688e-01   1.496470e+01   8.607690e+00   6.036029e-02   1.101496e-01   1.481772e-01   2.107937e-01   4.415131e-01   3.176173e+00   3.383184e-01   1.180911e-02   1.084558e+01   8.191527e+00   1.468401e-01   2.928955e-01   4.229453e-01   6.602658e-01   1.505676e+00   4.831620e+00   1.153755e+00   1.123816e-02
        33209   6.052649e+00   2.688690e+01   1.357017e-01   1.569377e-01   1.408695e-01   2.254039e-02   1.749448e+01   4.786937e-01   1.572513e+01   9.065107e+00   5.938037e-02   1.083972e-01   1.458694e-01   2.076463e-01   4.358982e-01   3.167281e+00   3.340158e-01   1.167975e-02   1.114954e+01   8.429370e+00   1.457191e-01   2.914375e-01   4.216637e-01   6.598171e-01   1.509235e+00   4.847446e+00   1.156482e+00   1.086065e-02
        33273   6.069155e+00   2.711355e+01   1.356764e-01   1.562522e-01   1.408459e-01   2.243561e-02   1.764335e+01   4.788006e-01   1.588750e+01   9.163280e+00   5.917931e-02   1.080377e-01   1.453961e-01   2.070013e-01   4.347500e-01   3.165458e+00   3.331360e-01   1.165220e-02   1.121368e+01   8.480066e+00   1.454881e-01   2.911383e-01   4.214019e-01   6.597286e-01   1.509972e+00   4.850699e+00   1.157046e+00   1.078341e-02
        33644   6.163917e+00   2.847114e+01   1.355361e-01   1.523403e-01   1.407209e-01   2.184619e-02   1.853755e+01   4.794008e-01   1.686379e+01   9.754397e+00   5.802569e-02   1.059755e-01   1.426816e-01   2.033032e-01   4.281803e-01   3.155013e+00   3.281019e-01   1.149539e-02   1.159411e+01   8.783155e+00   1.441559e-01   2.894180e-01   4.199054e-01   6.592424e-01   1.514236e+00   4.869406e+00   1.160314e+00   1.035080e-02
        33932   6.236451e+00   2.957943e+01   1.354372e-01   1.493782e-01   1.406182e-01   2.140225e-02   1.926280e+01   4.798202e-01   1.766536e+01   1.024055e+01   5.714317e-02   1.043981e-01   1.406055e-01   2.004738e-01   4.231708e-01   3.147030e+00   3.242632e-01   1.137794e-02   1.190012e+01   9.022243e+00   1.431285e-01   2.880966e-01   4.187653e-01   6.588931e-01   1.517538e+00   4.883753e+00   1.162844e+00   1.002432e-02
        34012   6.256444e+00   2.989623e+01   1.354119e-01   1.485667e-01   1.405898e-01   2.128059e-02   1.946884e+01   4.799297e-01   1.789521e+01   1.037971e+01   5.689990e-02   1.039633e-01   1.400331e-01   1.996937e-01   4.217919e-01   3.144838e+00   3.232066e-01   1.134564e-02   1.198687e+01   9.089123e+00   1.428438e-01   2.877314e-01   4.184515e-01   6.587996e-01   1.518454e+00   4.887711e+00   1.163546e+00   9.934948e-03
        34377   6.346762e+00   3.139270e+01   1.353074e-01   1.449251e-01   1.404965e-01   2.073312e-02   2.043409e+01   4.804165e-01   1.898521e+01   1.103014e+01   5.580047e-02   1.019978e-01   1.374454e-01   1.961670e-01   4.155758e-01   3.134965e+00   3.184434e-01   1.119156e-02   1.239236e+01   9.403947e+00   1.415497e-01   2.860779e-01   4.170403e-01   6.584013e-01   1.522631e+00   4.905625e+00   1.166747e+00   9.541565e-03
        34643   6.411601e+00   3.253884e+01   1.352447e-01   1.422935e-01   1.404450e-01   2.033961e-02   2.117917e+01   4.807619e-01   1.982449e+01   1.153394e+01   5.500966e-02   1.005838e-01   1.355837e-01   1.936302e-01   4.111193e-01   3.127894e+00   3.150285e-01   1.107673e-02   1.269846e+01   9.645231e+00   1.406109e-01   2.848848e-01   4.160303e-01   6.581327e-01   1.525662e+00   4.918508e+00   1.169069e+00   9.262888e-03
        34739   6.434790e+00   3.296438e+01   1.352246e-01   1.413546e-01   1.404299e-01   2.020072e-02   2.145648e+01   4.808843e-01   2.013705e+01   1.172180e+01   5.472647e-02   1.000774e-01   1.349170e-01   1.927219e-01   4.095270e-01   3.125378e+00   3.138084e-01   1.103577e-02   1.281115e+01   9.734677e+00   1.402732e-01   2.844572e-01   4.156703e-01   6.580414e-01   1.526754e+00   4.923122e+00   1.169906e+00   9.164946e-03
        35099   6.520649e+00   3.461354e+01   1.351484e-01   1.378962e-01   1.403736e-01   1.969475e-02   2.253278e+01   4.813376e-01   2.135365e+01   1.245371e+01   5.367765e-02   9.820237e-02   1.324489e-01   1.893619e-01   4.036667e-01   3.116102e+00   3.093178e-01   1.088515e-02   1.324262e+01   1.007907e+01   1.390194e-01   2.828844e-01   4.143610e-01   6.577378e-01   1.530841e+00   4.940241e+00   1.173038e+00   8.809600e-03
        35346   6.578440e+00   3.579417e+01   1.350923e-01   1.355798e-01   1.403068e-01   1.935157e-02   2.329447e+01   4.816196e-01   2.222961e+01   1.298131e+01   5.297071e-02   9.693907e-02   1.307870e-01   1.871031e-01   3.997517e-01   3.109891e+00   3.063178e-01   1.078405e-02   1.354648e+01   1.031317e+01   1.381722e-01   2.818350e-01   4.135001e-01   6.575653e-01   1.533634e+00   4.951797e+00   1.175178e+00   8.567523e-03
        35459   6.604584e+00   3.634858e+01   1.350666e-01   1.345343e-01   1.402773e-01   1.919812e-02   2.365269e+01   4.817463e-01   2.264225e+01   1.323003e+01   5.265046e-02   9.636691e-02   1.300346e-01   1.860813e-01   3.979848e-01   3.107096e+00   3.049639e-01   1.073839e-02   1.368787e+01   1.042266e+01   1.377875e-01   2.813611e-01   4.131143e-01   6.574951e-01   1.534908e+00   4.957034e+00   1.176154e+00   8.459735e-03
        35817   6.686282e+00   3.816857e+01   1.349897e-01   1.312371e-01   1.401908e-01   1.871288e-02   2.483659e+01   4.821379e-01   2.400224e+01   1.405456e+01   5.164779e-02   9.457589e-02   1.276798e-01   1.828848e-01   3.924702e-01   3.098385e+00   3.007382e-01   1.058927e-02   1.414661e+01   1.078203e+01   1.365785e-01   2.798796e-01   4.119185e-01   6.573004e-01   1.538926e+00   4.973425e+00   1.179233e+00   8.123611e-03
        36044   6.737246e+00   3.937549e+01   1.349467e-01   1.291600e-01   1.401442e-01   1.840716e-02   2.562851e+01   4.823789e-01   2.490848e+01   1.460804e+01   5.102079e-02   9.345601e-02   1.262077e-01   1.808860e-01   3.890318e-01   3.092988e+00   2.981035e-01   1.049193e-02   1.444645e+01   1.102048e+01   1.358185e-01   2.789536e-01   4.111790e-01   6.571973e-01   1.541459e+00   4.983671e+00   1.181174e+00   7.915234e-03
        36173   6.765927e+00   4.008060e+01   1.349249e-01   1.279967e-01   1.401220e-01   1.823826e-02   2.609207e+01   4.825132e-01   2.543949e+01   1.493263e+01   5.066735e-02   9.282473e-02   1.253778e-01   1.797589e-01   3.870968e-01   3.089952e+00   2.966207e-01   1.043786e-02   1.462006e+01   1.115943e+01   1.353886e-01   2.784318e-01   4.107651e-01   6.571457e-01   1.542894e+00   4.989443e+00   1.182274e+00   7.800406e-03
        36526   6.843365e+00   4.208491e+01   1.348767e-01   1.248730e-01   1.400610e-01   1.778797e-02   2.740576e+01   4.828557e-01   2.695494e+01   1.586029e+01   4.971044e-02   9.111528e-02   1.231298e-01   1.767062e-01   3.818706e-01   3.081816e+00   2.926161e-01   1.029427e-02   1.510749e+01   1.154548e+01   1.342186e-01   2.770200e-01   4.096561e-01   6.570316e-01   1.546806e+00   5.005059e+00   1.185271e+00   7.493704e-03
        36733   6.888031e+00   4.331336e+01   1.348567e-01   1.230799e-01   1.400216e-01   1.753035e-02   2.820656e+01   4.830374e-01   2.788797e+01   1.643238e+01   4.915621e-02   9.012501e-02   1.218275e-01   1.749379e-01   3.788539e-01   3.077145e+00   2.903045e-01   1.021271e-02   1.540204e+01   1.177417e+01   1.335369e-01   2.762037e-01   4.090223e-01   6.569825e-01   1.549087e+00   5.014084e+00   1.187019e+00   7.317640e-03
        36877   6.918768e+00   4.419215e+01   1.348467e-01   1.218487e-01   1.399994e-01   1.735557e-02   2.878042e+01   4.831621e-01   2.855725e+01   1.684320e+01   4.877364e-02   8.944142e-02   1.209285e-01   1.737174e-01   3.767759e-01   3.073953e+00   2.887122e-01   1.015702e-02   1.561092e+01   1.193722e+01   1.330647e-01   2.756406e-01   4.085882e-01   6.569550e-01   1.550666e+00   5.020303e+00   1.188229e+00   7.198551e-03
        37226   6.992107e+00   4.640753e+01   1.348348e-01   1.188950e-01   1.399707e-01   1.693470e-02   3.022787e+01   4.834616e-01   3.025097e+01   1.788035e+01   4.785664e-02   8.780279e-02   1.187736e-01   1.707923e-01   3.718108e-01   3.066361e+00   2.849076e-01   1.001719e-02   1.613097e+01   1.234752e+01   1.319271e-01   2.742939e-01   4.075607e-01   6.569126e-01   1.554466e+00   5.035165e+00   1.191141e+00   6.917505e-03
        37414   7.030904e+00   4.764925e+01   1.348285e-01   1.173286e-01   1.399660e-01   1.670923e-02   3.103605e+01   4.836226e-01   3.120469e+01   1.845943e+01   4.736989e-02   8.693315e-02   1.176302e-01   1.692415e-01   3.691937e-01   3.062372e+00   2.829022e-01   9.938212e-03   1.641806e+01   1.257662e+01   1.313224e-01   2.735882e-01   4.070313e-01   6.569117e-01   1.556502e+00   5.043048e+00   1.192702e+00   6.771017e-03
        37574   7.063481e+00   4.873191e+01   1.348203e-01   1.160147e-01   1.399607e-01   1.652152e-02   3.174188e+01   4.837614e-01   3.203888e+01   1.896628e+01   4.696017e-02   8.620133e-02   1.166684e-01   1.679385e-01   3.670041e-01   3.059043e+00   2.812244e-01   9.871869e-03   1.666572e+01   1.277560e+01   1.308138e-01   2.730010e-01   4.065965e-01   6.569242e-01   1.558228e+00   5.049681e+00   1.194024e+00   6.649650e-03
        37921   7.132789e+00   5.116898e+01   1.348008e-01   1.132216e-01   1.399248e-01   1.612012e-02   3.331975e+01   4.840309e-01   3.392454e+01   2.011311e+01   4.608441e-02   8.463760e-02   1.146143e-01   1.651590e-01   3.623504e-01   3.052004e+00   2.776583e-01   9.730739e-03   1.721531e+01   1.320664e+01   1.297253e-01   2.717570e-01   4.056898e-01   6.569820e-01   1.561938e+00   5.063823e+00   1.196867e+00   6.389385e-03
        38092   7.166318e+00   5.241752e+01   1.347921e-01   1.118724e-01   1.399043e-01   1.592718e-02   3.412642e+01   4.841527e-01   3.489457e+01   2.070370e+01   4.565881e-02   8.387786e-02   1.136166e-01   1.638097e-01   3.600988e-01   3.048620e+00   2.759330e-01   9.662647e-03   1.749289e+01   1.342271e+01   1.291956e-01   2.711569e-01   4.052596e-01   6.570262e-01   1.563754e+00   5.070681e+00   1.198258e+00   6.264529e-03
        38267   7.200234e+00   5.372996e+01   1.347855e-01   1.105102e-01   1.398875e-01   1.573435e-02   3.497545e+01   4.842746e-01   3.591699e+01   2.132660e+01   4.522698e-02   8.310703e-02   1.126044e-01   1.624404e-01   3.578189e-01   3.045220e+00   2.741860e-01   9.594161e-03   1.778191e+01   1.364885e+01   1.286571e-01   2.705499e-01   4.048287e-01   6.570800e-01   1.565601e+00   5.077627e+00   1.199674e+00   6.140187e-03
        38611   7.265771e+00   5.641784e+01   1.347826e-01   1.078545e-01   1.398683e-01   1.535901e-02   3.672573e+01   4.845129e-01   3.801936e+01   2.261446e+01   4.438841e-02   8.160998e-02   1.106381e-01   1.597799e-01   3.534039e-01   3.038688e+00   2.708029e-01   9.457560e-03   1.836535e+01   1.411127e+01   1.276072e-01   2.693765e-01   4.040084e-01   6.572101e-01   1.569205e+00   5.091075e+00   1.202435e+00   5.901455e-03
        38764   7.294435e+00   5.766146e+01   1.347864e-01   1.066787e-01   1.398660e-01   1.519248e-02   3.754197e+01   4.846196e-01   3.899576e+01   2.321659e+01   4.401966e-02   8.095153e-02   1.097732e-01   1.586097e-01   3.514687e-01   3.035851e+00   2.693200e-01   9.395286e-03   1.863161e+01   1.432538e+01   1.271437e-01   2.688632e-01   4.036551e-01   6.572788e-01   1.570795e+00   5.096968e+00   1.203654e+00   5.797192e-03
        38953   7.329414e+00   5.924044e+01   1.347957e-01   1.052455e-01   1.398701e-01   1.499185e-02   3.858035e+01   4.847512e-01   4.023856e+01   2.398381e+01   4.356771e-02   8.014445e-02   1.087129e-01   1.571754e-01   3.491028e-01   3.032397e+00   2.675071e-01   9.319818e-03   1.896656e+01   1.459653e+01   1.265742e-01   2.682364e-01   4.032282e-01   6.573717e-01   1.572748e+00   5.104167e+00   1.205150e+00   5.672035e-03
        39293   7.391135e+00   6.220413e+01   1.348247e-01   1.027196e-01   1.398561e-01   1.463594e-02   4.051189e+01   4.849506e-01   4.258020e+01   2.543179e+01   4.276467e-02   7.871032e-02   1.068290e-01   1.546276e-01   3.449171e-01   3.026369e+00   2.642997e-01   9.187877e-03   1.958629e+01   1.508009e+01   1.255583e-01   2.671304e-01   4.024882e-01   6.575645e-01   1.576230e+00   5.116902e+00   1.207818e+00   5.448064e-03
        39429   7.415385e+00   6.343560e+01   1.348405e-01   1.017276e-01   1.398557e-01   1.449811e-02   4.131579e+01   4.850291e-01   4.355647e+01   2.603639e+01   4.244705e-02   7.814306e-02   1.060839e-01   1.536201e-01   3.432683e-01   3.024012e+00   2.630363e-01   9.136421e-03   1.984050e+01   1.527940e+01   1.251551e-01   2.666959e-01   4.022025e-01   6.576506e-01   1.577611e+00   5.121915e+00   1.208876e+00   5.361690e-03
        39631   7.450942e+00   6.531527e+01   1.348687e-01   1.002703e-01   1.398616e-01   1.429725e-02   4.254582e+01   4.851458e-01   4.505016e+01   2.696313e+01   4.197901e-02   7.730715e-02   1.049858e-01   1.521357e-01   3.408456e-01   3.020590e+00   2.611798e-01   9.060788e-03   2.022499e+01   1.558269e+01   1.245596e-01   2.660587e-01   4.017882e-01   6.577864e-01   1.579648e+00   5.129276e+00   1.210437e+00   5.236465e-03
        39968   7.509014e+00   6.858539e+01   1.349209e-01   9.786609e-02   1.398790e-01   1.396643e-02   4.470025e+01   4.853411e-01   4.765918e+01   2.859146e+01   4.120918e-02   7.593231e-02   1.031802e-01   1.496966e-01   3.368838e-01   3.015042e+00   2.581440e-01   8.933297e-03   2.088346e+01   1.610879e+01   1.235788e-01   2.650254e-01   4.011309e-01   6.580388e-01   1.583009e+00   5.141325e+00   1.213012e+00   5.033134e-03
        40088   7.529280e+00   6.978751e+01   1.349355e-01   9.702675e-02   1.398875e-01   1.385003e-02   4.548806e+01   4.854108e-01   4.862197e+01   2.918713e+01   4.093919e-02   7.545035e-02   1.025476e-01   1.488435e-01   3.355052e-01   3.013120e+00   2.570877e-01   8.886784e-03   2.112182e+01   1.630093e+01   1.232363e-01   2.646714e-01   4.009112e-01   6.581396e-01   1.584195e+00   5.145541e+00   1.213921e+00   4.963244e-03
        40305   7.565389e+00   7.201532e+01   1.349594e-01   9.552976e-02   1.399035e-01   1.363934e-02   4.693518e+01   4.855282e-01   5.041090e+01   3.028450e+01   4.045603e-02   7.458810e-02   1.014163e-01   1.473191e-01   3.330499e-01   3.009723e+00   2.552062e-01   8.800659e-03   2.155887e+01   1.665067e+01   1.226246e-01   2.640449e-01   4.005300e-01   6.583338e-01   1.586324e+00   5.153067e+00   1.215553e+00   4.838677e-03
        40642   7.620232e+00   7.562527e+01   1.349985e-01   9.325659e-02   1.399089e-01   1.331865e-02   4.926550e+01   4.856788e-01   5.332157e+01   3.207178e+01   3.971690e-02   7.326931e-02   9.968633e-02   1.449879e-01   3.293130e-01   3.004606e+00   2.523428e-01   8.670424e-03   2.225517e+01   1.719372e+01   1.216890e-01   2.630992e-01   3.999709e-01   6.586596e-01   1.589594e+00   5.164525e+00   1.218058e+00   4.648224e-03
        40745   7.636716e+00   7.676759e+01   1.350127e-01   9.257453e-02   1.399142e-01   1.322385e-02   5.000399e+01   4.857249e-01   5.424552e+01   3.263953e+01   3.949343e-02   7.287054e-02   9.916310e-02   1.442828e-01   3.281871e-01   3.003082e+00   2.514800e-01   8.631716e-03   2.247258e+01   1.736446e+01   1.214056e-01   2.628159e-01   3.998072e-01   6.587646e-01   1.590584e+00   5.167975e+00   1.218817e+00   4.592134e-03
        40977   7.673363e+00   7.941090e+01   1.350496e-01   9.105053e-02   1.399328e-01   1.301278e-02   5.171826e+01   4.858306e-01   5.638860e+01   3.395968e+01   3.899407e-02   7.197928e-02   9.799362e-02   1.427069e-01   3.256790e-01   2.999708e+00   2.495581e-01   8.544562e-03   2.297060e+01   1.775858e+01   1.207714e-01   2.621876e-01   3.994508e-01   6.590104e-01   1.592800e+00   5.175657e+00   1.220515e+00   4.468218e-03
        41310   7.724772e+00   8.338228e+01   1.351150e-01   8.889832e-02   1.399768e-01   1.271749e-02   5.430528e+01   4.859860e-01   5.962058e+01   3.595719e+01   3.828693e-02   7.071709e-02   9.633743e-02   1.404760e-01   3.221474e-01   2.995017e+00   2.468520e-01   8.420640e-03   2.370664e+01   1.834809e+01   1.198711e-01   2.613097e-01   3.989682e-01   6.593845e-01   1.595941e+00   5.186460e+00   1.222922e+00   4.296850e-03
        41397   7.737969e+00   8.445543e+01   1.351343e-01   8.834528e-02   1.399917e-01   1.264259e-02   5.500565e+01   4.860269e-01   6.049633e+01   3.649897e+01   3.810407e-02   7.039069e-02   9.590916e-02   1.398993e-01   3.212386e-01   2.993827e+00   2.461556e-01   8.388984e-03   2.390313e+01   1.850669e+01   1.196380e-01   2.610852e-01   3.988481e-01   6.594868e-01   1.596754e+00   5.189239e+00   1.223545e+00   4.253608e-03
        41642   7.774614e+00   8.756031e+01   1.351942e-01   8.678685e-02   1.400249e-01   1.242708e-02   5.703332e+01   4.861321e-01   6.303546e+01   3.807881e+01   3.759322e-02   6.947880e-02   9.471270e-02   1.382885e-01   3.187084e-01   2.990539e+00   2.442167e-01   8.297053e-03   2.446622e+01   1.895451e+01   1.189857e-01   2.604632e-01   3.985214e-01   6.597822e-01   1.599025e+00   5.196965e+00   1.225285e+00   4.130028e-03
        41972   7.822769e+00   9.194296e+01   1.352875e-01   8.472944e-02   1.400694e-01   1.214361e-02   5.989161e+01   4.862604e-01   6.663255e+01   4.032305e+01   3.691467e-02   6.826748e-02   9.312345e-02   1.361498e-01   3.153687e-01   2.986263e+00   2.416576e-01   8.175893e-03   2.524798e+01   1.956856e+01   1.181171e-01   2.596491e-01   3.981087e-01   6.601973e-01   1.602037e+00   5.207141e+00   1.227594e+00   3.967717e-03
        42042   7.832806e+00   9.290320e+01   1.353091e-01   8.429989e-02   1.400815e-01   1.208514e-02   6.051903e+01   4.862879e-01   6.742263e+01   4.081662e+01   3.677214e-02   6.801304e-02   9.278964e-02   1.357008e-01   3.146706e-01   2.985380e+00   2.411227e-01   8.150736e-03   2.541731e+01   1.970241e+01   1.179344e-01   2.594801e-01   3.980255e-01   6.602883e-01   1.602670e+00   5.209266e+00   1.228078e+00   3.934406e-03
        42301   7.869410e+00   9.655317e+01   1.353946e-01   8.271937e-02   1.401331e-01   1.186996e-02   6.291423e+01   4.863921e-01   7.043189e+01   4.270378e+01   3.624902e-02   6.707914e-02   9.156447e-02   1.340531e-01   3.121182e-01   2.982178e+00   2.391669e-01   8.056877e-03   2.605482e+01   2.021045e+01   1.172629e-01   2.588655e-01   3.977295e-01   6.606320e-01   1.604989e+00   5.217025e+00   1.229856e+00   3.813083e-03
        42537   7.902023e+00   1.000095e+02   1.354738e-01   8.130367e-02   1.401841e-01   1.167881e-02   6.519128e+01   4.864852e-01   7.329094e+01   4.450239e+01   3.577891e-02   6.623999e-02   9.046390e-02   1.325744e-01   3.098391e-01   2.979361e+00   2.374205e-01   7.972465e-03   2.664907e+01   2.068889e+01   1.166608e-01   2.583243e-01   3.974792e-01   6.609571e-01   1.607076e+00   5.223955e+00   1.231454e+00   3.706350e-03
        42866   7.946266e+00   1.050226e+02   1.355664e-01   7.937883e-02   1.402328e-01   1.141862e-02   6.848898e+01   4.865888e-01   7.745602e+01   4.712440e+01   3.513629e-02   6.509368e-02   8.896166e-02   1.305588e-01   3.067484e-01   2.975597e+00   2.350521e-01   7.856673e-03   2.749262e+01   2.136458e+01   1.158463e-01   2.576105e-01   3.971694e-01   6.614355e-01   1.609943e+00   5.233388e+00   1.233652e+00   3.561945e-03
        43178   7.987066e+00   1.100229e+02   1.356603e-01   7.760290e-02   1.402904e-01   1.117213e-02   7.171718e+01   4.866736e-01   8.162849e+01   4.970670e+01   3.453713e-02   6.402473e-02   8.756063e-02   1.286795e-01   3.038905e-01   2.972180e+00   2.328622e-01   7.743327e-03   2.831589e+01   2.201048e+01   1.150883e-01   2.569644e-01   3.969083e-01   6.619104e-01   1.612622e+00   5.242116e+00   1.235704e+00   3.428800e-03
        43194   7.989128e+00   1.102862e+02   1.356654e-01   7.751303e-02   1.402938e-01   1.115977e-02   7.188734e+01   4.866782e-01   8.184862e+01   4.984302e+01   3.450665e-02   6.397036e-02   8.748937e-02   1.285839e-01   3.037458e-01   2.972009e+00   2.327514e-01   7.737617e-03   2.835879e+01   2.204432e+01   1.150497e-01   2.569320e-01   3.968957e-01   6.619353e-01   1.612758e+00   5.242557e+00   1.235808e+00   3.422154e-03
        43520   8.030488e+00   1.158025e+02   1.357765e-01   7.569809e-02   1.403725e-01   1.091101e-02   7.546257e+01   4.867754e-01   8.647049e+01   5.271157e+01   3.389098e-02   6.287187e-02   8.604973e-02   1.266541e-01   3.008374e-01   2.968595e+00   2.305228e-01   7.621482e-03   2.924816e+01   2.275101e+01   1.142710e-01   2.562867e-01   3.966549e-01   6.624489e-01   1.615505e+00   5.251432e+00   1.237914e+00   3.289532e-03
        43814   8.066730e+00   1.210350e+02   1.358878e-01   7.409316e-02   1.404596e-01   1.069335e-02   7.886794e+01   4.868690e-01   9.087046e+01   5.545070e+01   3.334429e-02   6.189643e-02   8.477148e-02   1.249417e-01   2.982786e-01   2.965653e+00   2.285620e-01   7.518310e-03   3.007589e+01   2.341724e+01   1.135794e-01   2.557290e-01   3.964632e-01   6.629251e-01   1.617939e+00   5.259231e+00   1.239779e+00   3.175037e-03
        43845   8.070493e+00   1.216016e+02   1.359002e-01   7.392613e-02   1.404698e-01   1.067091e-02   7.923717e+01   4.868791e-01   9.134776e+01   5.574805e+01   3.328711e-02   6.179440e-02   8.463778e-02   1.247626e-01   2.980122e-01   2.965349e+00   2.283579e-01   7.507621e-03   3.016464e+01   2.348911e+01   1.135071e-01   2.556714e-01   3.964443e-01   6.629759e-01   1.618193e+00   5.260042e+00   1.239973e+00   3.163292e-03
        44169   8.109169e+00   1.276976e+02   1.360361e-01   7.220499e-02   1.405676e-01   1.043963e-02   8.319644e+01   4.869707e-01   9.649370e+01   5.895657e+01   3.269486e-02   6.073764e-02   8.325315e-02   1.229092e-01   2.952698e-01   2.962254e+00   2.262565e-01   7.397969e-03   3.110904e+01   2.423987e+01   1.127581e-01   2.550862e-01   3.962644e-01   6.635168e-01   1.620822e+00   5.268390e+00   1.241988e+00   3.041660e-03
        44445   8.141177e+00   1.331529e+02   1.361626e-01   7.075231e-02   1.406496e-01   1.024171e-02   8.675051e+01   4.870422e-01   1.011139e+02   6.185652e+01   3.219789e-02   5.985085e-02   8.209137e-02   1.213551e-01   2.929904e-01   2.959728e+00   2.245098e-01   7.302745e-03   3.193890e+01   2.489398e+01   1.121296e-01   2.546085e-01   3.961324e-01   6.639875e-01   1.623020e+00   5.275319e+00   1.243672e+00   2.938969e-03
        44491   8.146429e+00   1.340863e+02   1.361845e-01   7.051267e-02   1.406645e-01   1.020923e-02   8.736008e+01   4.870544e-01   1.019059e+02   6.235459e+01   3.211574e-02   5.970426e-02   8.189933e-02   1.210983e-01   2.926158e-01   2.959317e+00   2.242228e-01   7.286996e-03   3.207950e+01   2.500549e+01   1.120257e-01   2.545309e-01   3.961126e-01   6.640670e-01   1.623383e+00   5.276458e+00   1.243950e+00   2.922238e-03
        44812   8.182424e+00   1.408013e+02   1.363454e-01   6.885472e-02   1.407787e-01   9.984949e-03   9.176264e+01   4.871443e-01   1.076142e+02   6.595711e+01   3.154774e-02   5.869071e-02   8.057167e-02   1.193239e-01   2.900411e-01   2.956526e+00   2.222499e-01   7.176978e-03   3.307969e+01   2.580552e+01   1.113076e-01   2.540040e-01   3.959884e-01   6.646274e-01   1.625885e+00   5.284275e+00   1.245867e+00   2.807971e-03
        45072   8.210747e+00   1.464896e+02   1.364732e-01   6.754103e-02   1.408730e-01   9.808861e-03   9.550734e+01   4.872049e-01   1.124673e+02   6.902995e+01   3.109558e-02   5.788408e-02   7.951539e-02   1.179131e-01   2.880096e-01   2.954360e+00   2.206932e-01   7.089561e-03   3.390943e+01   2.647739e+01   1.107397e-01   2.535987e-01   3.959080e-01   6.650902e-01   1.627874e+00   5.290443e+00   1.247392e+00   2.719300e-03
        45133   8.217290e+00   1.478558e+02   1.365018e-01   6.723743e-02   1.408945e-01   9.768464e-03   9.640826e+01   4.872176e-01   1.136356e+02   6.977055e+01   3.099061e-02   5.769683e-02   7.927023e-02   1.175858e-01   2.875400e-01   2.953864e+00   2.203333e-01   7.069427e-03   3.410601e+01   2.663771e+01   1.106088e-01   2.535069e-01   3.958922e-01   6.652003e-01   1.628337e+00   5.291871e+00   1.247746e+00   2.699037e-03
        45454   8.251089e+00   1.552684e+02   1.366561e-01   6.566516e-02   1.409891e-01   9.558482e-03   1.012757e+02   4.872691e-01   1.199888e+02   7.380388e+01   3.044394e-02   5.672172e-02   7.799371e-02   1.158829e-01   2.851100e-01   2.951339e+00   2.184713e-01   6.965671e-03   3.515807e+01   2.747181e+01   1.099300e-01   2.530421e-01   3.958263e-01   6.657879e-01   1.630744e+00   5.299260e+00   1.249590e+00   2.592812e-03
        45697   8.275969e+00   1.611411e+02   1.367788e-01   6.450231e-02   1.410723e-01   9.401790e-03   1.051008e+02   4.873089e-01   1.250381e+02   7.698310e+01   3.003627e-02   5.599458e-02   7.704199e-02   1.146144e-01   2.833161e-01   2.949509e+00   2.170967e-01   6.886521e-03   3.597581e+01   2.811772e+01   1.094263e-01   2.527097e-01   3.957940e-01   6.662397e-01   1.632533e+00   5.304715e+00   1.250962e+00   2.515270e-03
        45774   8.283726e+00   1.630509e+02   1.368188e-01   6.413862e-02   1.411035e-01   9.352250e-03   1.063356e+02   4.873226e-01   1.266829e+02   7.800888e+01   2.990818e-02   5.576612e-02   7.674300e-02   1.142161e-01   2.827560e-01   2.948943e+00   2.166675e-01   6.860909e-03   3.623892e+01   2.832667e+01   1.092684e-01   2.526079e-01   3.957869e-01   6.663841e-01   1.633094e+00   5.306419e+00   1.251391e+00   2.491341e-03
        46093   8.315227e+00   1.712252e+02   1.369916e-01   6.264501e-02   1.412424e-01   9.148693e-03   1.116403e+02   4.873857e-01   1.337373e+02   8.242226e+01   2.938294e-02   5.482928e-02   7.551711e-02   1.125842e-01   2.804774e-01   2.946672e+00   2.149215e-01   6.754337e-03   3.735056e+01   2.921800e+01   1.086225e-01   2.522028e-01   3.957722e-01   6.669879e-01   1.635389e+00   5.313351e+00   1.253150e+00   2.394356e-03
        46319   8.336928e+00   1.772818e+02   1.371211e-01   6.160903e-02   1.413518e-01   9.009381e-03   1.155801e+02   4.874352e-01   1.389785e+02   8.570619e+01   2.901604e-02   5.417488e-02   7.466093e-02   1.114454e-01   2.789036e-01   2.945134e+00   2.137155e-01   6.680731e-03   3.815982e+01   2.987394e+01   1.081727e-01   2.519316e-01   3.957757e-01   6.674200e-01   1.636985e+00   5.318139e+00   1.254373e+00   2.328650e-03
        46411   8.345617e+00   1.798122e+02   1.371752e-01   6.119278e-02   1.413987e-01   8.953887e-03   1.172283e+02   4.874561e-01   1.411718e+02   8.708136e+01   2.886793e-02   5.391072e-02   7.431537e-02   1.109860e-01   2.782732e-01   2.944524e+00   2.132325e-01   6.651269e-03   3.849442e+01   3.014690e+01   1.079916e-01   2.518254e-01   3.957810e-01   6.675974e-01   1.637628e+00   5.320060e+00   1.254865e+00   2.302618e-03
        46727   8.374834e+00   1.888039e+02   1.373695e-01   5.978649e-02   1.415415e-01   8.765434e-03   1.230511e+02   4.875056e-01   1.489808e+02   9.198206e+01   2.836451e-02   5.301282e-02   7.314093e-02   1.094259e-01   2.761493e-01   2.942502e+00   2.116050e-01   6.552259e-03   3.966797e+01   3.106904e+01   1.073772e-01   2.514758e-01   3.958119e-01   6.682095e-01   1.639804e+00   5.326530e+00   1.256533e+00   2.213175e-03
        46936   8.393631e+00   1.950149e+02   1.375045e-01   5.887441e-02   1.416437e-01   8.644434e-03   1.270803e+02   4.875401e-01   1.543882e+02   9.538169e+01   2.803607e-02   5.242702e-02   7.237483e-02   1.084092e-01   2.747809e-01   2.941225e+00   2.105564e-01   6.488189e-03   4.046506e+01   3.169857e+01   1.069777e-01   2.512583e-01   3.958442e-01   6.686173e-01   1.641216e+00   5.330704e+00   1.257615e+00   2.156245e-03
        47042   8.403005e+00   1.982484e+02   1.375750e-01   5.840957e-02   1.416976e-01   8.581626e-03   1.291929e+02   4.875598e-01   1.572076e+02   9.716635e+01   2.787084e-02   5.213232e-02   7.198948e-02   1.078980e-01   2.740976e-01   2.940594e+00   2.100329e-01   6.454264e-03   4.087592e+01   3.202658e+01   1.067771e-01   2.511518e-01   3.958638e-01   6.688246e-01   1.641925e+00   5.332789e+00   1.258158e+00   2.127362e-03
        47357   8.430259e+00   2.081870e+02   1.377856e-01   5.704373e-02   1.418623e-01   8.397169e-03   1.357158e+02   4.876098e-01   1.658932e+02   1.026862e+02   2.738568e-02   5.126699e-02   7.085791e-02   1.063974e-01   2.721087e-01   2.938786e+00   2.085088e-01   6.353525e-03   4.211848e+01   3.302954e+01   1.061903e-01   2.508512e-01   3.959350e-01   6.694435e-01   1.643997e+00   5.338862e+00   1.259746e+00   2.043644e-03
        47550   8.446524e+00   2.145244e+02   1.379140e-01   5.622540e-02   1.419656e-01   8.287996e-03   1.398857e+02   4.876365e-01   1.714475e+02   1.062227e+02   2.709284e-02   5.074474e-02   7.017517e-02   1.054926e-01   2.709217e-01   2.937726e+00   2.075992e-01   6.293519e-03   4.289484e+01   3.366298e+01   1.058398e-01   2.506800e-01   3.959897e-01   6.698258e-01   1.645246e+00   5.342497e+00   1.260703e+00   1.994477e-03
        47671   8.456554e+00   2.185991e+02   1.379955e-01   5.571916e-02   1.420289e-01   8.220675e-03   1.425657e+02   4.876513e-01   1.750246e+02   1.085029e+02   2.691085e-02   5.042022e-02   6.975099e-02   1.049308e-01   2.701892e-01   2.937082e+00   2.070379e-01   6.256535e-03   4.338824e+01   3.406278e+01   1.056233e-01   2.505773e-01   3.960277e-01   6.700663e-01   1.646020e+00   5.344742e+00   1.261296e+00   1.964140e-03
        47985   8.481987e+00   2.295558e+02   1.382120e-01   5.442921e-02   1.421789e-01   8.048988e-03   1.497499e+02   4.876742e-01   1.846635e+02   1.146578e+02   2.644420e-02   4.958809e-02   6.866357e-02   1.034922e-01   2.683300e-01   2.935475e+00   2.056133e-01   6.162805e-03   4.469437e+01   3.509206e+01   1.050722e-01   2.503272e-01   3.961393e-01   6.706924e-01   1.647997e+00   5.350447e+00   1.262811e+00   1.886182e-03
        48162   8.495949e+00   2.359853e+02   1.383378e-01   5.371682e-02   1.422696e-01   7.955385e-03   1.539755e+02   4.876906e-01   1.903326e+02   1.182848e+02   2.618462e-02   4.912526e-02   6.805890e-02   1.026932e-01   2.673086e-01   2.934608e+00   2.048307e-01   6.111369e-03   4.544774e+01   3.569071e+01   1.047681e-01   2.501967e-01   3.962106e-01   6.710469e-01   1.649092e+00   5.353588e+00   1.263650e+00   1.844016e-03
        48298   8.506496e+00   2.410535e+02   1.384361e-01   5.317431e-02   1.423454e-01   7.883117e-03   1.572945e+02   4.877049e-01   1.948081e+02   1.211338e+02   2.598688e-02   4.877269e-02   6.759836e-02   1.020851e-01   2.665373e-01   2.933964e+00   2.042396e-01   6.070854e-03   4.603511e+01   3.616070e+01   1.045377e-01   2.501018e-01   3.962696e-01   6.713201e-01   1.649923e+00   5.355964e+00   1.264287e+00   1.812263e-03
        48610   8.530105e+00   2.531213e+02   1.386691e-01   5.194872e-02   1.425452e-01   7.716522e-03   1.651271e+02   4.877460e-01   2.054855e+02   1.278536e+02   2.553862e-02   4.797348e-02   6.655463e-02   1.007083e-01   2.648103e-01   2.932548e+00   2.029163e-01   5.974701e-03   4.741234e+01   3.727351e+01   1.040186e-01   2.499000e-01   3.964170e-01   6.719479e-01   1.651799e+00   5.361296e+00   1.265724e+00   1.741821e-03
        48771   8.541972e+00   2.595980e+02   1.387936e-01   5.132862e-02   1.426551e-01   7.633283e-03   1.693378e+02   4.877710e-01   2.112276e+02   1.314708e+02   2.531019e-02   4.756622e-02   6.602288e-02   1.000077e-01   2.639420e-01   2.931849e+00   2.022509e-01   5.926343e-03   4.813982e+01   3.786699e+01   1.037557e-01   2.498042e-01   3.964991e-01   6.722718e-01   1.652749e+00   5.363983e+00   1.266453e+00   1.706940e-03
        48921   8.552840e+00   2.657895e+02   1.389119e-01   5.075833e-02   1.427520e-01   7.556599e-03   1.733508e+02   4.877871e-01   2.167242e+02   1.349356e+02   2.509914e-02   4.718996e-02   6.553170e-02   9.936105e-02   2.631475e-01   2.931221e+00   2.016421e-01   5.882032e-03   4.882790e+01   3.841510e+01   1.035141e-01   2.497204e-01   3.965795e-01   6.725740e-01   1.653624e+00   5.366447e+00   1.267123e+00   1.674568e-03
        49231   8.574728e+00   2.790886e+02   1.391650e-01   4.960190e-02   1.429535e-01   7.402054e-03   1.819611e+02   4.878156e-01   2.285532e+02   1.423994e+02   2.466823e-02   4.642175e-02   6.452905e-02   9.804244e-02   2.615478e-01   2.929979e+00   2.004163e-01   5.792711e-03   5.028324e+01   3.956170e+01   1.030236e-01   2.495620e-01   3.967560e-01   6.731981e-01   1.655400e+00   5.371424e+00   1.268484e+00   1.609343e-03
        49377   8.584778e+00   2.855910e+02   1.392866e-01   4.906802e-02   1.430530e-01   7.331622e-03   1.861768e+02   4.878280e-01   2.343487e+02   1.460593e+02   2.446781e-02   4.606440e-02   6.406267e-02   9.742973e-02   2.608144e-01   2.929420e+00   1.998543e-01   5.751799e-03   5.098290e+01   4.011750e+01   1.027970e-01   2.494947e-01   3.968443e-01   6.734921e-01   1.656221e+00   5.373714e+00   1.269113e+00   1.579822e-03
        49541   8.595876e+00   2.930819e+02   1.394242e-01   4.847319e-02   1.431668e-01   7.253075e-03   1.910463e+02   4.878400e-01   2.410350e+02   1.502918e+02   2.424463e-02   4.566650e-02   6.354336e-02   9.674770e-02   2.600054e-01   2.928813e+00   1.992344e-01   5.705830e-03   5.177909e+01   4.075452e+01   1.025460e-01   2.494245e-01   3.969473e-01   6.738223e-01   1.657134e+00   5.376248e+00   1.269812e+00   1.547246e-03
        49850   8.616245e+00   3.077523e+02   1.396873e-01   4.735199e-02   1.433861e-01   7.101857e-03   2.006682e+02   4.878660e-01   2.541579e+02   1.586689e+02   2.382970e-02   4.492680e-02   6.257826e-02   9.548103e-02   2.585238e-01   2.927725e+00   1.980991e-01   5.615458e-03   5.330994e+01   4.199931e+01   1.020839e-01   2.493076e-01   3.971522e-01   6.744443e-01   1.658822e+00   5.380911e+00   1.271106e+00   1.486399e-03
        49981   8.624670e+00   3.141994e+02   1.398005e-01   4.688495e-02   1.434825e-01   7.039426e-03   2.049076e+02   4.878785e-01   2.599360e+02   1.623649e+02   2.365595e-02   4.461709e-02   6.217429e-02   9.495142e-02   2.579125e-01   2.927285e+00   1.976307e-01   5.577907e-03   5.397154e+01   4.254271e+01   1.018925e-01   2.492643e-01   3.972431e-01   6.747077e-01   1.659525e+00   5.382844e+00   1.271645e+00   1.461518e-03
        50159   8.635920e+00   3.231858e+02   1.399566e-01   4.625865e-02   1.436030e-01   6.955346e-03   2.107954e+02   4.878840e-01   2.680005e+02   1.675294e+02   2.342188e-02   4.419986e-02   6.163020e-02   9.423875e-02   2.570974e-01   2.926704e+00   1.970061e-01   5.527753e-03   5.488324e+01   4.326603e+01   1.016367e-01   2.492107e-01   3.973701e-01   6.750650e-01   1.660469e+00   5.385430e+00   1.272368e+00   1.427594e-03
        50467   8.654857e+00   3.393762e+02   1.402333e-01   4.519699e-02   1.438171e-01   6.814204e-03   2.214154e+02   4.878943e-01   2.825584e+02   1.768697e+02   2.302221e-02   4.348751e-02   6.070154e-02   9.302416e-02   2.557288e-01   2.925750e+00   1.959573e-01   5.443278e-03   5.649692e+01   4.454578e+01   1.012053e-01   2.491323e-01   3.975987e-01   6.756811e-01   1.662070e+00   5.389794e+00   1.273595e+00   1.370925e-03
        50582   8.661758e+00   3.456359e+02   1.403385e-01   4.480763e-02   1.439003e-01   6.762985e-03   2.255297e+02   4.878994e-01   2.881965e+02   1.804930e+02   2.287472e-02   4.322466e-02   6.035899e-02   9.257676e-02   2.552318e-01   2.925409e+00   1.955765e-01   5.412464e-03   5.711126e+01   4.503671e+01   1.010480e-01   2.491081e-01   3.976872e-01   6.759106e-01   1.662658e+00   5.391388e+00   1.274045e+00   1.350521e-03
        50774   8.673077e+00   3.563589e+02   1.405173e-01   4.416187e-02   1.440433e-01   6.677882e-03   2.326042e+02   4.879117e-01   2.978660e+02   1.867291e+02   2.263053e-02   4.278948e-02   5.979194e-02   9.183684e-02   2.544185e-01   2.924859e+00   1.949533e-01   5.360842e-03   5.815223e+01   4.587519e+01   1.007895e-01   2.490731e-01   3.978383e-01   6.762929e-01   1.663626e+00   5.394007e+00   1.274787e+00   1.317040e-03
        51081   8.690659e+00   3.742361e+02   1.408111e-01   4.315080e-02   1.442995e-01   6.542050e-03   2.442692e+02   4.879402e-01   3.140171e+02   1.970064e+02   2.224533e-02   4.210305e-02   5.889782e-02   9.067204e-02   2.531605e-01   2.924028e+00   1.939894e-01   5.276253e-03   5.985727e+01   4.726275e+01   1.003868e-01   2.490310e-01   3.980880e-01   6.769014e-01   1.665143e+00   5.398086e+00   1.275950e+00   1.265798e-03
        51180   8.696195e+00   3.801996e+02   1.409078e-01   4.283031e-02   1.443874e-01   6.498829e-03   2.481433e+02   4.879512e-01   3.194128e+02   2.004205e+02   2.212248e-02   4.188415e-02   5.861277e-02   9.030121e-02   2.527660e-01   2.923773e+00   1.936871e-01   5.248978e-03   6.041795e+01   4.772279e+01   1.002598e-01   2.490210e-01   3.981706e-01   6.770969e-01   1.665624e+00   5.399374e+00   1.276319e+00   1.249851e-03
        51387   8.707566e+00   3.929938e+02   1.411135e-01   4.216899e-02   1.445578e-01   6.409195e-03   2.564160e+02   4.879580e-01   3.310023e+02   2.077580e+02   2.186772e-02   4.143016e-02   5.802169e-02   8.953297e-02   2.519579e-01   2.923259e+00   1.930678e-01   5.192972e-03   6.160746e+01   4.865807e+01   9.999819e-02   2.490053e-01   3.983460e-01   6.775040e-01   1.666617e+00   5.402023e+00   1.277079e+00   1.216223e-03
        51692   8.723830e+00   4.126626e+02   1.414216e-01   4.121615e-02   1.448182e-01   6.281704e-03   2.691512e+02   4.879647e-01   3.488555e+02   2.190714e+02   2.149767e-02   4.077074e-02   5.716321e-02   8.841891e-02   2.508103e-01   2.922546e+00   1.921884e-01   5.112895e-03   6.339951e+01   5.007978e+01   9.962356e-02   2.489965e-01   3.986131e-01   6.781015e-01   1.668050e+00   5.405823e+00   1.278177e+00   1.168809e-03
        51776   8.728208e+00   4.182567e+02   1.415076e-01   4.095767e-02   1.448918e-01   6.247343e-03   2.727790e+02   4.879667e-01   3.539408e+02   2.222980e+02   2.139686e-02   4.059111e-02   5.692939e-02   8.811577e-02   2.505030e-01   2.922359e+00   1.919530e-01   5.091199e-03   6.390150e+01   5.048096e+01   9.952259e-02   2.489968e-01   3.986881e-01   6.782654e-01   1.668438e+00   5.406848e+00   1.278474e+00   1.156144e-03
        51997   8.739525e+00   4.333533e+02   1.417364e-01   4.028334e-02   1.450896e-01   6.157673e-03   2.825931e+02   4.879736e-01   3.676803e+02   2.310344e+02   2.113388e-02   4.012252e-02   5.631959e-02   8.732574e-02   2.497123e-01   2.921884e+00   1.913471e-01   5.034214e-03   6.524026e+01   5.155871e+01   9.926153e-02   2.490031e-01   3.988883e-01   6.786947e-01   1.669445e+00   5.409503e+00   1.279246e+00   1.123459e-03
        52301   8.754618e+00   4.550460e+02   1.420570e-01   3.936726e-02   1.453708e-01   6.035365e-03   2.967694e+02   4.879885e-01   3.874615e+02   2.436716e+02   2.077742e-02   3.948745e-02   5.549350e-02   8.625722e-02   2.486667e-01   2.921272e+00   1.905459e-01   4.955521e-03   6.712516e+01   5.309785e+01   9.891389e-02   2.490248e-01   3.991703e-01   6.792812e-01   1.670801e+00   5.413054e+00   1.280285e+00   1.079845e-03
        52370   8.757969e+00   4.601252e+02   1.421309e-01   3.916030e-02   1.454343e-01   6.007369e-03   3.001011e+02   4.879914e-01   3.920993e+02   2.466491e+02   2.069734e-02   3.934480e-02   5.530799e-02   8.601757e-02   2.484359e-01   2.921139e+00   1.903691e-01   4.937377e-03   6.756037e+01   5.345196e+01   9.883675e-02   2.490316e-01   3.992352e-01   6.794136e-01   1.671104e+00   5.413844e+00   1.280517e+00   1.069992e-03
        52605   8.769177e+00   4.778708e+02   1.423859e-01   3.846456e-02   1.456412e-01   5.913139e-03   3.117145e+02   4.879889e-01   4.083198e+02   2.570746e+02   2.042691e-02   3.886305e-02   5.468168e-02   8.520939e-02   2.476681e-01   2.920704e+00   1.897807e-01   4.876635e-03   6.906355e+01   5.463991e+01   9.857901e-02   2.490600e-01   3.994585e-01   6.798622e-01   1.672121e+00   5.416490e+00   1.281297e+00   1.036504e-03
        52908   8.783171e+00   5.018057e+02   1.427216e-01   3.758795e-02   1.459192e-01   5.795957e-03   3.274163e+02   4.879909e-01   4.302379e+02   2.711908e+02   2.008341e-02   3.825122e-02   5.388664e-02   8.418579e-02   2.467200e-01   2.920182e+00   1.890542e-01   4.800647e-03   7.105045e+01   5.622551e+01   9.825856e-02   2.491092e-01   3.997522e-01   6.804360e-01   1.673403e+00   5.419805e+00   1.282279e+00   9.953095e-04
        52962   8.785611e+00   5.062008e+02   1.427824e-01   3.743328e-02   1.459700e-01   5.775288e-03   3.303097e+02   4.879924e-01   4.342674e+02   2.737944e+02   2.002279e-02   3.814326e-02   5.374640e-02   8.400550e-02   2.465558e-01   2.920093e+00   1.889284e-01   4.787148e-03   7.141056e+01   5.651534e+01   9.820279e-02   2.491193e-01   3.998051e-01   6.805376e-01   1.673628e+00   5.420385e+00   1.282451e+00   9.881403e-04
        53210   8.796618e+00   5.269079e+02   1.430654e-01   3.673188e-02   1.462098e-01   5.682254e-03   3.439637e+02   4.880027e-01   4.532704e+02   2.860893e+02   1.974670e-02   3.765156e-02   5.310782e-02   8.318566e-02   2.458205e-01   2.919702e+00   1.883649e-01   4.726174e-03   7.308850e+01   5.787441e+01   9.795184e-02   2.491708e-01   4.000502e-01   6.810017e-01   1.674646e+00   5.423002e+00   1.283232e+00   9.560809e-04
        53512   8.809582e+00   5.533194e+02   1.434178e-01   3.589803e-02   1.465177e-01   5.572042e-03   3.613466e+02   4.880206e-01   4.775525e+02   3.017583e+02   1.941556e-02   3.706180e-02   5.234224e-02   8.220511e-02   2.449661e-01   2.919260e+00   1.877102e-01   4.653179e-03   7.518435e+01   5.958823e+01   9.765753e-02   2.492447e-01   4.003531e-01   6.815614e-01   1.675856e+00   5.426094e+00   1.284159e+00   9.188635e-04
        53551   8.811222e+00   5.568285e+02   1.434638e-01   3.579197e-02   1.465572e-01   5.557449e-03   3.636134e+02   4.880197e-01   4.807824e+02   3.038092e+02   1.937320e-02   3.698637e-02   5.224434e-02   8.207991e-02   2.448590e-01   2.919206e+00   1.876282e-01   4.643404e-03   7.545907e+01   5.980424e+01   9.762046e-02   2.492552e-01   4.003926e-01   6.816332e-01   1.676010e+00   5.426486e+00   1.284277e+00   9.140450e-04
        53813   8.822040e+00   5.810066e+02   1.437760e-01   3.508862e-02   1.468275e-01   5.461302e-03   3.792440e+02   4.880147e-01   5.030592e+02   3.179617e+02   1.909104e-02   3.648388e-02   5.159226e-02   8.124705e-02   2.441590e-01   2.918857e+00   1.870918e-01   4.578808e-03   7.732933e+01   6.128225e+01   9.737675e-02   2.493305e-01   4.006598e-01   6.821132e-01   1.677031e+00   5.429076e+00   1.285059e+00   8.824949e-04
        54114   8.834051e+00   6.101279e+02   1.441413e-01   3.429901e-02   1.471489e-01   5.354520e-03   3.981044e+02   4.880112e-01   5.299399e+02   3.350632e+02   1.877195e-02   3.591569e-02   5.085521e-02   8.030777e-02   2.433948e-01   2.918488e+00   1.865062e-01   4.506612e-03   7.953215e+01   6.304126e+01   9.710806e-02   2.494274e-01   4.009702e-01   6.826584e-01   1.678174e+00   5.431962e+00   1.285935e+00   8.479074e-04
        54138   8.834989e+00   6.125140e+02   1.441708e-01   3.423666e-02   1.471750e-01   5.346092e-03   3.996532e+02   4.880114e-01   5.321446e+02   3.364686e+02   1.874674e-02   3.587080e-02   5.079700e-02   8.023368e-02   2.433357e-01   2.918461e+00   1.864609e-01   4.500881e-03   7.971038e+01   6.318466e+01   9.708715e-02   2.494355e-01   4.009951e-01   6.827016e-01   1.678264e+00   5.432188e+00   1.286003e+00   8.452102e-04
        54414   8.845590e+00   6.406577e+02   1.445133e-01   3.352882e-02   1.474813e-01   5.251044e-03   4.179384e+02   4.880146e-01   5.581740e+02   3.530719e+02   1.845923e-02   3.535890e-02   5.013337e-02   7.939009e-02   2.426749e-01   2.918154e+00   1.859546e-01   4.436052e-03   8.178791e+01   6.486643e+01   9.685201e-02   2.495340e-01   4.012826e-01   6.831949e-01   1.679282e+00   5.434743e+00   1.286784e+00   8.149922e-04
        54714   8.856711e+00   6.727708e+02   1.448932e-01   3.277808e-02   1.478213e-01   5.151303e-03   4.388214e+02   4.880184e-01   5.879265e+02   3.720759e+02   1.815171e-02   3.481146e-02   4.942410e-02   7.849083e-02   2.419961e-01   2.917851e+00   1.854344e-01   4.367781e-03   8.410615e+01   6.674551e+01   9.660790e-02   2.496506e-01   4.015978e-01   6.837245e-01   1.680361e+00   5.437434e+00   1.287610e+00   7.835223e-04
        54724   8.857075e+00   6.738693e+02   1.449060e-01   3.275338e-02   1.478322e-01   5.148012e-03   4.395341e+02   4.880178e-01   5.889452e+02   3.727271e+02   1.814155e-02   3.479337e-02   4.940068e-02   7.846118e-02   2.419742e-01   2.917841e+00   1.854177e-01   4.365540e-03   8.418450e+01   6.680699e+01   9.659998e-02   2.496546e-01   4.016084e-01   6.837421e-01   1.680396e+00   5.437522e+00   1.287638e+00   7.824721e-04
        55013   8.867392e+00   7.064362e+02   1.452799e-01   3.203312e-02   1.481513e-01   5.049249e-03   4.608403e+02   4.880103e-01   6.191720e+02   3.922098e+02   1.785031e-02   3.427501e-02   4.872953e-02   7.761286e-02   2.413598e-01   2.917579e+00   1.849468e-01   4.297291e-03   8.648122e+01   6.863052e+01   9.637640e-02   2.497761e-01   4.019142e-01   6.842453e-01   1.681406e+00   5.440027e+00   1.288412e+00   7.519581e-04
        55308   8.877548e+00   7.413653e+02   1.456700e-01   3.131506e-02   1.484898e-01   4.951908e-03   4.837644e+02   4.880108e-01   6.516450e+02   4.131979e+02   1.755782e-02   3.375448e-02   4.805602e-02   7.676423e-02   2.407707e-01   2.917338e+00   1.844954e-01   4.229575e-03   8.889042e+01   7.056648e+01   9.615923e-02   2.499087e-01   4.022283e-01   6.847520e-01   1.682410e+00   5.442501e+00   1.289181e+00   7.223324e-04
        55312   8.877683e+00   7.418509e+02   1.456753e-01   3.130543e-02   1.484944e-01   4.950604e-03   4.840839e+02   4.880108e-01   6.520968e+02   4.134906e+02   1.755389e-02   3.374748e-02   4.804697e-02   7.675284e-02   2.407630e-01   2.917335e+00   1.844895e-01   4.228664e-03   8.892351e+01   7.059327e+01   9.615638e-02   2.499105e-01   4.022326e-01   6.847588e-01   1.682423e+00   5.442534e+00   1.289191e+00   7.219396e-04
        55610   8.887563e+00   7.789699e+02   1.460765e-01   3.059701e-02   1.488484e-01   4.855568e-03   5.085392e+02   4.880161e-01   6.866661e+02   4.359082e+02   1.726339e-02   3.323051e-02   4.737851e-02   7.591360e-02   2.402067e-01   2.917119e+00   1.840633e-01   4.162082e-03   9.142295e+01   7.263097e+01   9.594894e-02   2.500531e-01   4.025514e-01   6.852633e-01   1.683409e+00   5.444951e+00   1.289946e+00   6.934857e-04
        55890   8.896517e+00   8.155945e+02   1.464606e-01   2.994808e-02   1.491837e-01   4.769407e-03   5.326951e+02   4.880146e-01   7.208309e+02   4.581147e+02   1.699482e-02   3.275261e-02   4.676087e-02   7.514076e-02   2.397180e-01   2.916938e+00   1.836888e-01   4.101662e-03   9.383265e+01   7.458042e+01   9.576414e-02   2.501939e-01   4.028519e-01   6.857307e-01   1.684311e+00   5.447148e+00   1.290637e+00   6.677449e-04
        55908   8.897082e+00   8.180089e+02   1.464855e-01   2.990690e-02   1.492048e-01   4.763944e-03   5.342861e+02   4.880138e-01   7.230850e+02   4.595817e+02   1.697770e-02   3.272215e-02   4.672151e-02   7.509159e-02   2.396877e-01   2.916927e+00   1.836656e-01   4.097845e-03   9.398964e+01   7.470441e+01   9.575259e-02   2.502031e-01   4.028712e-01   6.857605e-01   1.684368e+00   5.447287e+00   1.290681e+00   6.660995e-04
        56205   8.906221e+00   8.589309e+02   1.469013e-01   2.923649e-02   1.495719e-01   4.672367e-03   5.608960e+02   4.880031e-01   7.613230e+02   4.841046e+02   1.669766e-02   3.222392e-02   4.607794e-02   7.428910e-02   2.392063e-01   2.916759e+00   1.832967e-01   4.032681e-03   9.661720e+01   7.679140e+01   9.556758e-02   2.503596e-01   4.031903e-01   6.862482e-01   1.685297e+00   5.449538e+00   1.291393e+00   6.396865e-04
        56470   8.914092e+00   8.972174e+02   1.472780e-01   2.865135e-02   1.499130e-01   4.591841e-03   5.856965e+02   4.879964e-01   7.971530e+02   5.069743e+02   1.645176e-02   3.178650e-02   4.551331e-02   7.358745e-02   2.388071e-01   2.916628e+00   1.829908e-01   3.974662e-03   9.902033e+01   7.872213e+01   9.541220e-02   2.505052e-01   4.034756e-01   6.866773e-01   1.686104e+00   5.451483e+00   1.292011e+00   6.171789e-04
        56502   8.915025e+00   9.019584e+02   1.473240e-01   2.858145e-02   1.499549e-01   4.582250e-03   5.887719e+02   4.879962e-01   8.015932e+02   5.098119e+02   1.642232e-02   3.173412e-02   4.544573e-02   7.350362e-02   2.387608e-01   2.916613e+00   1.829553e-01   3.967726e-03   9.931449e+01   7.896006e+01   9.539402e-02   2.505231e-01   4.035101e-01   6.867287e-01   1.686200e+00   5.451714e+00   1.292085e+00   6.145244e-04
        56798   8.923475e+00   9.470579e+02   1.477535e-01   2.794393e-02   1.503493e-01   4.495409e-03   6.180565e+02   4.879983e-01   8.438671e+02   5.368463e+02   1.615242e-02   3.125410e-02   4.482663e-02   7.273720e-02   2.383511e-01   2.916488e+00   1.826413e-01   3.904730e-03   1.020767e+02   8.121023e+01   9.523152e-02   2.506923e-01   4.038285e-01   6.871998e-01   1.687075e+00   5.453811e+00   1.292755e+00   5.906793e-04
        57048   8.930368e+00   9.869522e+02   1.481221e-01   2.741799e-02   1.506814e-01   4.424230e-03   6.439499e+02   4.879917e-01   8.813136e+02   5.608226e+02   1.592797e-02   3.085499e-02   4.431229e-02   7.210283e-02   2.380312e-01   2.916398e+00   1.823962e-01   3.853107e-03   1.044681e+02   8.312726e+01   9.510297e-02   2.508397e-01   4.040972e-01   6.875916e-01   1.687795e+00   5.455527e+00   1.293307e+00   5.711223e-04
        57094   8.931612e+00   9.944788e+02   1.481904e-01   2.732244e-02   1.507419e-01   4.411326e-03   6.488312e+02   4.879888e-01   8.883836e+02   5.653525e+02   1.588702e-02   3.078217e-02   4.421849e-02   7.198739e-02   2.379749e-01   2.916383e+00   1.823531e-01   3.843764e-03   1.049140e+02   8.347871e+01   9.508013e-02   2.508673e-01   4.041466e-01   6.876631e-01   1.687925e+00   5.455837e+00   1.293407e+00   5.675618e-04
        57390   8.939446e+00   1.044354e+03   1.486359e-01   2.671054e-02   1.511383e-01   4.327904e-03   6.813197e+02   4.879793e-01   9.352720e+02   5.955207e+02   1.562597e-02   3.031807e-02   4.362093e-02   7.125365e-02   2.376311e-01   2.916296e+00   1.820897e-01   3.782888e-03   1.078295e+02   8.579909e+01   9.493875e-02   2.510474e-01   4.044636e-01   6.881185e-01   1.688751e+00   5.457796e+00   1.294040e+00   5.450161e-04
        57625   8.945458e+00   1.085780e+03   1.489951e-01   2.622856e-02   1.514605e-01   4.261289e-03   7.084986e+02   4.879773e-01   9.742682e+02   6.207826e+02   1.542180e-02   2.995509e-02   4.315393e-02   7.068247e-02   2.373808e-01   2.916239e+00   1.818979e-01   3.733718e-03   1.101998e+02   8.771605e+01   9.483364e-02   2.511938e-01   4.047146e-01   6.884744e-01   1.689391e+00   5.459303e+00   1.294530e+00   5.275712e-04
        57685   8.946964e+00   1.096625e+03   1.490876e-01   2.610696e-02   1.515440e-01   4.244571e-03   7.156258e+02   4.879772e-01   9.844844e+02   6.274104e+02   1.537010e-02   2.986319e-02   4.303574e-02   7.053825e-02   2.373201e-01   2.916226e+00   1.818514e-01   3.721342e-03   1.108129e+02   8.821534e+01   9.480791e-02   2.512317e-01   4.047786e-01   6.885645e-01   1.689551e+00   5.459682e+00   1.294653e+00   5.232292e-04
        57980   8.954202e+00   1.151582e+03   1.495463e-01   2.551836e-02   1.519608e-01   4.164292e-03   7.518034e+02   4.879783e-01   1.036300e+03   6.610744e+02   1.511849e-02   2.941596e-02   4.246084e-02   6.983871e-02   2.370398e-01   2.916172e+00   1.816365e-01   3.661738e-03   1.138742e+02   9.072899e+01   9.468745e-02   2.514205e-01   4.050922e-01   6.890028e-01   1.690329e+00   5.461504e+00   1.295249e+00   5.025542e-04
        58200   8.959424e+00   1.194404e+03   1.498935e-01   2.508916e-02   1.522675e-01   4.106043e-03   7.799855e+02   4.879677e-01   1.076723e+03   6.873925e+02   1.493356e-02   2.908730e-02   4.203863e-02   6.932707e-02   2.368501e-01   2.916142e+00   1.814912e-01   3.618610e-03   1.162106e+02   9.259294e+01   9.460388e-02   2.515640e-01   4.053251e-01   6.893245e-01   1.690894e+00   5.462823e+00   1.295682e+00   4.874329e-04
        58274   8.961147e+00   1.209173e+03   1.500113e-01   2.494663e-02   1.523710e-01   4.086793e-03   7.897111e+02   4.879632e-01   1.090674e+03   6.964865e+02   1.487187e-02   2.897768e-02   4.189786e-02   6.915691e-02   2.367899e-01   2.916134e+00   1.814451e-01   3.604351e-03   1.170068e+02   9.322461e+01   9.457699e-02   2.516128e-01   4.054032e-01   6.894317e-01   1.691082e+00   5.463259e+00   1.295826e+00   4.824419e-04
        58568   8.967832e+00   1.269720e+03   1.504834e-01   2.438936e-02   1.527913e-01   4.011507e-03   8.295217e+02   4.879480e-01   1.147915e+03   7.337281e+02   1.462933e-02   2.854677e-02   4.134486e-02   6.849051e-02   2.365686e-01   2.916110e+00   1.812755e-01   3.548256e-03   1.202223e+02   9.579363e+01   9.447615e-02   2.518085e-01   4.057122e-01   6.898528e-01   1.691813e+00   5.464955e+00   1.296386e+00   4.632510e-04
        58774   8.972366e+00   1.313998e+03   1.508195e-01   2.400591e-02   1.531025e-01   3.957520e-03   8.582022e+02   4.879452e-01   1.189822e+03   7.605455e+02   1.446176e-02   2.824909e-02   4.096314e-02   6.803245e-02   2.364298e-01   2.916101e+00   1.811692e-01   3.507185e-03   1.225280e+02   9.765675e+01   9.441078e-02   2.519474e-01   4.059274e-01   6.901431e-01   1.692312e+00   5.466109e+00   1.296769e+00   4.503350e-04
        58862   8.974266e+00   1.333392e+03   1.509642e-01   2.384418e-02   1.532370e-01   3.934883e-03   8.707745e+02   4.879445e-01   1.208189e+03   7.723061e+02   1.439077e-02   2.812301e-02   4.080155e-02   6.783905e-02   2.363747e-01   2.916100e+00   1.811269e-01   3.489921e-03   1.235260e+02   9.846838e+01   9.438435e-02   2.520072e-01   4.060190e-01   6.902659e-01   1.692523e+00   5.466594e+00   1.296930e+00   4.449620e-04
        59155   8.980437e+00   1.400098e+03   1.514499e-01   2.331458e-02   1.536913e-01   3.861316e-03   9.140578e+02   4.879442e-01   1.271415e+03   8.128222e+02   1.415699e-02   2.770785e-02   4.026988e-02   6.720507e-02   2.362083e-01   2.916102e+00   1.809994e-01   3.433659e-03   1.269053e+02   1.012356e+02   9.430266e-02   2.522083e-01   4.063226e-01   6.906700e-01   1.693210e+00   5.468171e+00   1.297456e+00   4.276563e-04
        59346   8.984334e+00   1.445421e+03   1.517711e-01   2.297655e-02   1.539821e-01   3.814494e-03   9.434166e+02   4.879326e-01   1.314417e+03   8.404061e+02   1.400665e-02   2.744092e-02   3.992833e-02   6.679966e-02   2.361136e-01   2.916109e+00   1.809268e-01   3.397994e-03   1.291573e+02   1.030105e+02   9.425399e-02   2.523406e-01   4.065191e-01   6.909291e-01   1.693647e+00   5.469170e+00   1.297791e+00   4.164999e-04
        59448   8.986375e+00   1.470237e+03   1.519439e-01   2.279834e-02   1.541393e-01   3.789964e-03   9.595041e+02   4.879269e-01   1.337977e+03   8.555282e+02   1.392703e-02   2.729956e-02   3.974757e-02   6.658570e-02   2.360673e-01   2.916115e+00   1.808914e-01   3.379268e-03   1.303755e+02   1.039760e+02   9.422950e-02   2.524117e-01   4.066235e-01   6.910661e-01   1.693877e+00   5.469694e+00   1.297968e+00   4.106967e-04
        59741   8.992090e+00   1.543987e+03   1.524458e-01   2.229489e-02   1.545992e-01   3.721215e-03   1.007373e+03   4.879156e-01   1.408052e+03   9.005509e+02   1.370085e-02   2.689803e-02   3.923445e-02   6.598074e-02   2.359509e-01   2.916139e+00   1.808021e-01   3.326618e-03   1.339380e+02   1.068216e+02   9.416480e-02   2.526169e-01   4.069216e-01   6.914544e-01   1.694525e+00   5.471166e+00   1.298464e+00   3.945969e-04
        59917   8.995418e+00   1.590090e+03   1.527503e-01   2.199209e-02   1.548790e-01   3.678653e-03   1.037554e+03   4.879111e-01   1.451900e+03   9.289588e+02   1.356681e-02   2.666012e-02   3.893069e-02   6.562444e-02   2.358925e-01   2.916158e+00   1.807574e-01   3.293629e-03   1.361215e+02   1.085950e+02   9.413027e-02   2.527411e-01   4.070992e-01   6.916840e-01   1.694905e+00   5.472026e+00   1.298755e+00   3.850243e-04
        60033   8.997570e+00   1.621248e+03   1.529528e-01   2.179414e-02   1.550659e-01   3.650791e-03   1.058008e+03   4.879110e-01   1.481551e+03   9.482187e+02   1.347918e-02   2.650461e-02   3.873225e-02   6.539238e-02   2.358585e-01   2.916173e+00   1.807314e-01   3.271949e-03   1.375800e+02   1.097894e+02   9.410907e-02   2.528233e-01   4.072157e-01   6.918337e-01   1.695152e+00   5.472583e+00   1.298944e+00   3.788422e-04
        60325   9.002843e+00   1.702474e+03   1.534675e-01   2.130475e-02   1.555397e-01   3.582410e-03   1.111392e+03   4.879067e-01   1.558913e+03   9.985494e+02   1.326116e-02   2.611775e-02   3.823895e-02   6.481809e-02   2.357887e-01   2.916216e+00   1.806779e-01   3.218678e-03   1.413185e+02   1.128427e+02   9.406134e-02   2.530310e-01   4.075068e-01   6.922053e-01   1.695760e+00   5.473951e+00   1.299411e+00   3.637319e-04
        60487   9.005682e+00   1.749323e+03   1.537564e-01   2.103861e-02   1.557996e-01   3.545388e-03   1.142178e+03   4.878957e-01   1.603572e+03   1.027657e+03   1.314175e-02   2.590592e-02   3.796907e-02   6.450552e-02   2.357594e-01   2.916243e+00   1.806555e-01   3.189909e-03   1.434354e+02   1.145206e+02   9.403824e-02   2.531466e-01   4.076668e-01   6.924081e-01   1.696090e+00   5.474690e+00   1.299663e+00   3.554787e-04
        60617   9.007916e+00   1.787876e+03   1.539902e-01   2.082776e-02   1.560110e-01   3.516252e-03   1.167544e+03   4.878894e-01   1.640341e+03   1.051651e+03   1.304671e-02   2.573735e-02   3.775443e-02   6.425775e-02   2.357407e-01   2.916267e+00   1.806411e-01   3.167221e-03   1.451573e+02   1.158931e+02   9.402143e-02   2.532397e-01   4.077945e-01   6.925692e-01   1.696351e+00   5.475272e+00   1.299863e+00   3.490310e-04
        60908   9.012781e+00   1.877342e+03   1.545182e-01   2.036387e-02   1.564912e-01   3.452602e-03   1.226555e+03   4.878761e-01   1.725739e+03   1.107503e+03   1.283653e-02   2.536463e-02   3.728032e-02   6.371331e-02   2.357138e-01   2.916325e+00   1.806205e-01   3.117487e-03   1.490839e+02   1.190513e+02   9.398980e-02   2.534488e-01   4.080781e-01   6.929245e-01   1.696922e+00   5.476544e+00   1.300301e+00   3.351148e-04
        61055   9.015167e+00   1.924257e+03   1.547874e-01   2.013359e-02   1.567391e-01   3.420862e-03   1.257457e+03   4.878722e-01   1.770558e+03   1.136763e+03   1.273169e-02   2.517876e-02   3.704414e-02   6.344360e-02   2.357080e-01   2.916358e+00   1.806160e-01   3.092517e-03   1.511060e+02   1.206946e+02   9.397687e-02   2.535547e-01   4.082201e-01   6.931011e-01   1.697204e+00   5.477170e+00   1.300517e+00   3.283449e-04
        61199   9.017459e+00   1.971381e+03   1.550532e-01   1.991088e-02   1.569905e-01   3.388916e-03   1.287984e+03   4.878722e-01   1.815599e+03   1.165647e+03   1.262982e-02   2.499819e-02   3.681485e-02   6.318273e-02   2.357070e-01   2.916391e+00   1.806152e-01   3.067024e-03   1.531133e+02   1.223375e+02   9.396594e-02   2.536586e-01   4.083584e-01   6.932723e-01   1.697476e+00   5.477772e+00   1.300726e+00   3.218915e-04
        61490   9.021959e+00   2.070250e+03   1.555964e-01   1.946937e-02   1.574995e-01   3.325968e-03   1.352022e+03   4.878666e-01   1.910172e+03   1.226344e+03   1.242649e-02   2.463782e-02   3.635771e-02   6.266559e-02   2.357190e-01   2.916463e+00   1.806245e-01   3.016801e-03   1.572498e+02   1.256779e+02   9.394909e-02   2.538686e-01   4.086349e-01   6.936127e-01   1.698014e+00   5.478958e+00   1.301138e+00   3.091671e-04
        61622   9.023943e+00   2.116745e+03   1.558446e-01   1.927283e-02   1.577291e-01   3.298082e-03   1.382123e+03   4.878560e-01   1.954681e+03   1.254932e+03   1.233538e-02   2.447638e-02   3.615315e-02   6.243556e-02   2.357306e-01   2.916498e+00   1.806334e-01   2.994573e-03   1.591600e+02   1.271911e+02   9.394393e-02   2.539640e-01   4.087593e-01   6.937648e-01   1.698253e+00   5.479482e+00   1.301321e+00   3.035091e-04
        61780   9.026273e+00   2.173803e+03   1.561440e-01   1.904052e-02   1.580071e-01   3.265317e-03   1.419090e+03   4.878465e-01   2.009331e+03   1.290053e+03   1.222722e-02   2.428475e-02   3.591052e-02   6.216382e-02   2.357492e-01   2.916542e+00   1.806476e-01   2.968405e-03   1.614765e+02   1.290363e+02   9.393957e-02   2.540781e-01   4.089070e-01   6.939447e-01   1.698534e+00   5.480099e+00   1.301536e+00   2.969118e-04
        62070   9.030421e+00   2.282659e+03   1.566995e-01   1.862167e-02   1.585258e-01   3.206593e-03   1.489735e+03   4.878351e-01   2.113669e+03   1.357210e+03   1.203120e-02   2.393755e-02   3.547137e-02   6.167516e-02   2.357965e-01   2.916625e+00   1.806838e-01   2.921338e-03   1.658149e+02   1.325254e+02   9.393660e-02   2.542873e-01   4.091753e-01   6.942695e-01   1.699039e+00   5.481201e+00   1.301923e+00   2.852554e-04
        62188   9.032064e+00   2.328529e+03   1.569276e-01   1.845405e-02   1.587399e-01   3.183235e-03   1.519549e+03   4.878325e-01   2.157666e+03   1.385565e+03   1.195237e-02   2.379794e-02   3.529499e-02   6.148007e-02   2.358204e-01   2.916661e+00   1.807022e-01   2.902557e-03   1.676125e+02   1.339843e+02   9.393723e-02   2.543723e-01   4.092834e-01   6.943995e-01   1.699240e+00   5.481638e+00   1.302077e+00   2.806775e-04
        62360   9.034412e+00   2.397087e+03   1.572626e-01   1.820978e-02   1.590552e-01   3.148628e-03   1.564332e+03   4.878329e-01   2.223456e+03   1.428169e+03   1.183839e-02   2.359614e-02   3.504020e-02   6.119950e-02   2.358600e-01   2.916714e+00   1.807325e-01   2.874564e-03   1.702678e+02   1.361628e+02   9.393997e-02   2.544961e-01   4.094397e-01   6.945870e-01   1.699529e+00   5.482264e+00   1.302298e+00   2.740634e-04
        62649   9.038236e+00   2.516945e+03   1.578311e-01   1.780279e-02   1.595813e-01   3.090063e-03   1.642949e+03   4.878200e-01   2.338560e+03   1.503122e+03   1.164941e-02   2.326163e-02   3.461840e-02   6.073846e-02   2.359388e-01   2.916806e+00   1.807929e-01   2.827075e-03   1.748218e+02   1.398274e+02   9.394984e-02   2.547036e-01   4.096993e-01   6.948965e-01   1.700002e+00   5.483288e+00   1.302661e+00   2.629876e-04
        62753   9.039576e+00   2.561547e+03   1.580370e-01   1.765888e-02   1.597706e-01   3.069477e-03   1.672229e+03   4.878114e-01   2.381421e+03   1.531075e+03   1.158217e-02   2.314267e-02   3.446857e-02   6.057579e-02   2.359708e-01   2.916841e+00   1.808174e-01   2.810379e-03   1.764883e+02   1.411544e+02   9.395506e-02   2.547782e-01   4.097919e-01   6.950062e-01   1.700169e+00   5.483648e+00   1.302789e+00   2.590973e-04
        62938   9.041914e+00   2.642900e+03   1.584061e-01   1.740614e-02   1.601115e-01   3.033559e-03   1.725704e+03   4.878026e-01   2.459633e+03   1.582142e+03   1.146355e-02   2.293280e-02   3.420447e-02   6.029044e-02   2.360323e-01   2.916903e+00   1.808645e-01   2.781196e-03   1.794930e+02   1.435618e+02   9.396612e-02   2.549105e-01   4.099551e-01   6.951991e-01   1.700461e+00   5.484276e+00   1.303013e+00   2.523627e-04
        63227   9.045450e+00   2.775295e+03   1.589888e-01   1.701871e-02   1.606530e-01   2.978880e-03   1.812986e+03   4.877951e-01   2.587010e+03   1.665538e+03   1.128071e-02   2.260944e-02   3.379812e-02   5.985500e-02   2.361395e-01   2.917003e+00   1.809467e-01   2.736611e-03   1.842872e+02   1.474476e+02   9.398801e-02   2.551163e-01   4.102069e-01   6.954947e-01   1.700907e+00   5.485230e+00   1.303354e+00   2.422681e-04
        63317   9.046523e+00   2.817885e+03   1.591715e-01   1.690003e-02   1.608235e-01   2.962258e-03   1.841118e+03   4.877928e-01   2.628010e+03   1.692429e+03   1.122440e-02   2.250986e-02   3.367315e-02   5.972201e-02   2.361756e-01   2.917035e+00   1.809743e-01   2.723026e-03   1.858047e+02   1.486889e+02   9.399601e-02   2.551802e-01   4.102845e-01   6.955854e-01   1.701043e+00   5.485520e+00   1.303458e+00   2.392323e-04
        63516   9.048849e+00   2.914437e+03   1.595782e-01   1.664097e-02   1.612046e-01   2.926217e-03   1.904986e+03   4.877919e-01   2.720998e+03   1.753496e+03   1.110090e-02   2.229154e-02   3.339939e-02   5.943222e-02   2.362597e-01   2.917107e+00   1.810388e-01   2.693516e-03   1.892034e+02   1.514894e+02   9.401550e-02   2.553210e-01   4.104546e-01   6.957836e-01   1.701339e+00   5.486150e+00   1.303685e+00   2.327003e-04
        63804   9.052107e+00   3.060183e+03   1.601733e-01   1.627403e-02   1.617636e-01   2.872304e-03   1.999245e+03   4.877752e-01   2.861465e+03   1.843759e+03   1.092462e-02   2.198001e-02   3.300938e-02   5.902316e-02   2.363916e-01   2.917213e+00   1.811398e-01   2.648918e-03   1.942313e+02   1.554858e+02   9.404801e-02   2.555235e-01   4.106973e-01   6.960648e-01   1.701756e+00   5.487036e+00   1.304005e+00   2.233855e-04
        63880   9.052945e+00   3.099867e+03   1.603315e-01   1.617874e-02   1.619124e-01   2.858388e-03   2.024922e+03   4.877710e-01   2.899733e+03   1.868363e+03   1.087859e-02   2.189867e-02   3.290767e-02   5.891725e-02   2.364283e-01   2.917242e+00   1.811680e-01   2.637388e-03   1.955797e+02   1.565591e+02   9.405742e-02   2.555767e-01   4.107606e-01   6.961379e-01   1.701864e+00   5.487265e+00   1.304088e+00   2.209995e-04
        64092   9.055239e+00   3.213365e+03   1.607760e-01   1.591622e-02   1.623316e-01   2.820259e-03   2.098412e+03   4.877633e-01   3.009223e+03   1.938801e+03   1.075122e-02   2.167367e-02   3.262660e-02   5.862628e-02   2.365348e-01   2.917322e+00   1.812496e-01   2.605743e-03   1.993910e+02   1.596108e+02   9.408546e-02   2.557246e-01   4.109359e-01   6.963394e-01   1.702161e+00   5.487891e+00   1.304315e+00   2.145164e-04
        64380   9.058250e+00   3.374313e+03   1.613844e-01   1.556656e-02   1.629081e-01   2.769729e-03   2.202830e+03   4.877507e-01   3.164601e+03   2.038936e+03   1.058069e-02   2.137259e-02   3.225120e-02   5.824186e-02   2.366889e-01   2.917433e+00   1.813677e-01   2.563657e-03   2.046793e+02   1.638941e+02   9.412830e-02   2.559243e-01   4.111705e-01   6.966078e-01   1.702553e+00   5.488716e+00   1.304616e+00   2.060723e-04
        64442   9.058882e+00   3.410021e+03   1.615163e-01   1.549243e-02   1.630336e-01   2.759090e-03   2.226018e+03   4.877493e-01   3.199090e+03   2.061180e+03   1.054435e-02   2.130844e-02   3.217131e-02   5.816068e-02   2.367234e-01   2.917457e+00   1.813941e-01   2.554777e-03   2.058358e+02   1.648383e+02   9.413811e-02   2.559670e-01   4.112205e-01   6.966647e-01   1.702636e+00   5.488890e+00   1.304680e+00   2.043126e-04
        64668   9.061144e+00   3.543478e+03   1.620004e-01   1.522558e-02   1.634944e-01   2.720987e-03   2.312736e+03   4.877482e-01   3.328040e+03   2.144404e+03   1.041295e-02   2.107656e-02   3.188286e-02   5.786945e-02   2.368530e-01   2.917546e+00   1.814934e-01   2.522941e-03   2.101077e+02   1.683315e+02   9.417566e-02   2.561222e-01   4.114010e-01   6.968697e-01   1.702934e+00   5.489513e+00   1.304908e+00   1.980459e-04
        64956   9.063926e+00   3.721270e+03   1.626235e-01   1.488737e-02   1.640763e-01   2.671401e-03   2.428882e+03   4.877282e-01   3.499947e+03   2.256132e+03   1.024796e-02   2.078553e-02   3.152156e-02   5.750898e-02   2.370263e-01   2.917661e+00   1.816262e-01   2.481402e-03   2.156768e+02   1.727500e+02   9.422737e-02   2.563183e-01   4.116273e-01   6.971254e-01   1.703303e+00   5.490281e+00   1.305191e+00   1.899987e-04
        65003   9.064369e+00   3.751132e+03   1.627258e-01   1.483258e-02   1.641721e-01   2.663313e-03   2.448464e+03   4.877253e-01   3.528833e+03   2.274975e+03   1.022130e-02   2.073851e-02   3.146326e-02   5.745128e-02   2.370554e-01   2.917680e+00   1.816485e-01   2.474601e-03   2.165989e+02   1.734885e+02   9.423621e-02   2.563501e-01   4.116639e-01   6.971665e-01   1.703362e+00   5.490404e+00   1.305236e+00   1.887119e-04
        65243   9.066590e+00   3.907471e+03   1.632516e-01   1.455617e-02   1.646660e-01   2.622725e-03   2.551131e+03   4.877170e-01   3.680122e+03   2.373796e+03   1.008623e-02   2.050040e-02   3.116838e-02   5.716150e-02   2.372075e-01   2.917777e+00   1.817650e-01   2.440413e-03   2.213697e+02   1.773352e+02   9.428294e-02   2.565117e-01   4.118487e-01   6.973740e-01   1.703660e+00   5.491020e+00   1.305464e+00   1.823118e-04
        65530   9.069151e+00   4.103149e+03   1.638870e-01   1.423285e-02   1.652659e-01   2.575666e-03   2.680001e+03   4.877132e-01   3.869607e+03   2.497896e+03   9.927137e-03   2.022005e-02   3.082196e-02   5.682567e-02   2.373966e-01   2.917894e+00   1.819099e-01   2.400650e-03   2.272096e+02   1.821054e+02   9.434244e-02   2.567030e-01   4.120659e-01   6.976166e-01   1.704005e+00   5.491734e+00   1.305728e+00   1.750159e-04
        65563   9.069439e+00   4.126276e+03   1.639604e-01   1.419621e-02   1.653354e-01   2.570370e-03   2.695254e+03   4.877129e-01   3.892011e+03   2.512588e+03   9.909013e-03   2.018813e-02   3.078257e-02   5.678782e-02   2.374188e-01   2.917907e+00   1.819270e-01   2.396168e-03   2.278904e+02   1.826658e+02   9.434954e-02   2.567249e-01   4.120907e-01   6.976441e-01   1.704044e+00   5.491814e+00   1.305758e+00   1.742020e-04
        65817   9.071613e+00   4.308756e+03   1.645285e-01   1.391774e-02   1.658704e-01   2.530283e-03   2.815688e+03   4.877036e-01   4.068853e+03   2.628710e+03   9.770665e-03   1.994449e-02   3.048234e-02   5.650156e-02   2.375930e-01   2.918011e+00   1.820605e-01   2.362257e-03   2.331960e+02   1.869783e+02   9.440581e-02   2.568923e-01   4.122791e-01   6.978533e-01   1.704340e+00   5.492422e+00   1.305985e+00   1.680257e-04
        66104   9.073978e+00   4.524822e+03   1.651769e-01   1.361053e-02   1.664795e-01   2.485387e-03   2.957265e+03   4.876833e-01   4.278383e+03   2.765404e+03   9.616757e-03   1.967359e-02   3.014935e-02   5.618888e-02   2.377961e-01   2.918130e+00   1.822161e-01   2.324140e-03   2.393362e+02   1.918615e+02   9.447265e-02   2.570793e-01   4.124881e-01   6.980842e-01   1.704665e+00   5.493086e+00   1.306234e+00   1.612470e-04
        66123   9.074131e+00   4.539510e+03   1.652201e-01   1.359046e-02   1.665207e-01   2.482359e-03   2.966763e+03   4.876826e-01   4.292632e+03   2.774572e+03   9.606656e-03   1.965582e-02   3.012754e-02   5.616858e-02   2.378097e-01   2.918138e+00   1.822265e-01   2.321548e-03   2.397485e+02   1.921914e+02   9.447719e-02   2.570916e-01   4.125018e-01   6.980993e-01   1.704686e+00   5.493129e+00   1.306250e+00   1.608110e-04
        66390   9.076243e+00   4.751100e+03   1.658306e-01   1.331175e-02   1.671033e-01   2.440428e-03   3.103717e+03   4.876741e-01   4.497963e+03   2.906799e+03   9.465877e-03   1.940819e-02   2.982398e-02   5.588853e-02   2.380044e-01   2.918248e+00   1.823757e-01   2.285593e-03   2.456163e+02   1.969175e+02   9.454247e-02   2.572633e-01   4.126924e-01   6.983086e-01   1.704978e+00   5.493725e+00   1.306474e+00   1.548347e-04
        66676   9.078420e+00   4.988855e+03   1.664910e-01   1.302012e-02   1.677365e-01   2.396929e-03   3.257854e+03   4.876706e-01   4.728835e+03   3.055680e+03   9.317464e-03   1.914729e-02   2.950506e-02   5.559934e-02   2.382183e-01   2.918367e+00   1.825396e-01   2.248182e-03   2.520574e+02   2.021740e+02   9.461530e-02   2.574450e-01   4.128925e-01   6.985274e-01   1.705282e+00   5.494341e+00   1.306707e+00   1.487472e-04
        66682   9.078465e+00   4.993970e+03   1.665049e-01   1.301408e-02   1.677499e-01   2.396034e-03   3.261173e+03   4.876705e-01   4.733803e+03   3.058886e+03   9.314377e-03   1.914186e-02   2.949844e-02   5.559339e-02   2.382228e-01   2.918369e+00   1.825431e-01   2.247411e-03   2.521942e+02   2.022864e+02   9.461686e-02   2.574488e-01   4.128967e-01   6.985319e-01   1.705288e+00   5.494354e+00   1.306712e+00   1.486230e-04
        66962   9.080512e+00   5.238677e+03   1.671582e-01   1.273576e-02   1.683726e-01   2.354870e-03   3.419901e+03   4.876608e-01   4.971582e+03   3.212413e+03   9.171475e-03   1.889083e-02   2.919249e-02   5.532129e-02   2.384371e-01   2.918486e+00   1.827072e-01   2.211998e-03   2.586632e+02   2.074880e+02   9.469113e-02   2.576242e-01   4.130887e-01   6.987408e-01   1.705577e+00   5.494936e+00   1.306933e+00   1.428718e-04
        67240   9.082467e+00   5.493630e+03   1.678125e-01   1.246596e-02   1.689934e-01   2.315247e-03   3.585427e+03   4.876397e-01   5.219475e+03   3.372711e+03   9.031871e-03   1.864576e-02   2.889475e-02   5.506158e-02   2.386540e-01   2.918601e+00   1.828734e-01   2.177888e-03   2.652411e+02   2.127157e+02   9.476744e-02   2.577961e-01   4.132755e-01   6.989430e-01   1.705854e+00   5.495494e+00   1.307145e+00   1.373586e-04
        67248   9.082522e+00   5.501150e+03   1.678315e-01   1.245811e-02   1.690114e-01   2.314045e-03   3.590352e+03   4.876394e-01   5.226789e+03   3.377482e+03   9.027887e-03   1.863877e-02   2.888626e-02   5.505425e-02   2.386603e-01   2.918605e+00   1.828783e-01   2.176846e-03   2.654329e+02   2.128702e+02   9.476967e-02   2.578010e-01   4.132808e-01   6.989488e-01   1.705862e+00   5.495510e+00   1.307151e+00   1.371986e-04
        67534   9.084453e+00   5.776969e+03   1.685118e-01   1.218050e-02   1.696586e-01   2.271764e-03   3.771284e+03   4.876309e-01   5.495138e+03   3.552778e+03   8.886637e-03   1.839098e-02   2.858619e-02   5.479805e-02   2.388873e-01   2.918723e+00   1.830522e-01   2.140139e-03   2.723771e+02   2.185057e+02   9.485063e-02   2.579753e-01   4.134690e-01   6.991515e-01   1.706139e+00   5.496063e+00   1.307363e+00   1.316245e-04
        67798   9.086169e+00   6.044016e+03   1.691464e-01   1.193034e-02   1.702651e-01   2.234063e-03   3.946916e+03   4.876336e-01   5.755101e+03   3.723005e+03   8.758293e-03   1.816599e-02   2.831460e-02   5.457107e-02   2.390999e-01   2.918833e+00   1.832151e-01   2.107324e-03   2.789476e+02   2.239109e+02   9.492737e-02   2.581338e-01   4.136391e-01   6.993340e-01   1.706386e+00   5.496557e+00   1.307553e+00   1.267398e-04
        67820   9.086309e+00   6.066828e+03   1.691996e-01   1.190976e-02   1.703160e-01   2.230981e-03   3.961938e+03   4.876343e-01   5.777314e+03   3.737567e+03   8.747685e-03   1.814740e-02   2.829220e-02   5.455256e-02   2.391177e-01   2.918842e+00   1.832288e-01   2.104637e-03   2.795024e+02   2.243706e+02   9.493384e-02   2.581469e-01   4.136532e-01   6.993490e-01   1.706407e+00   5.496597e+00   1.307569e+00   1.263439e-04
        68105   9.088085e+00   6.370281e+03   1.698907e-01   1.164679e-02   1.709699e-01   2.191693e-03   4.161805e+03   4.876141e-01   6.072904e+03   3.931610e+03   8.611499e-03   1.790886e-02   2.800533e-02   5.431858e-02   2.393503e-01   2.918959e+00   1.834070e-01   2.070467e-03   2.867788e+02   2.301948e+02   9.501888e-02   2.583153e-01   4.138328e-01   6.995408e-01   1.706665e+00   5.497111e+00   1.307767e+00   1.212253e-04
        68355   9.089585e+00   6.649107e+03   1.705027e-01   1.142155e-02   1.715491e-01   2.158384e-03   4.345846e+03   4.876000e-01   6.344648e+03   4.110421e+03   8.493863e-03   1.770297e-02   2.775858e-02   5.412197e-02   2.395564e-01   2.919062e+00   1.835649e-01   2.041459e-03   2.933168e+02   2.354245e+02   9.509506e-02   2.584609e-01   4.139873e-01   6.997050e-01   1.706886e+00   5.497546e+00   1.307936e+00   1.169246e-04
        68390   9.089791e+00   6.689117e+03   1.705888e-01   1.139042e-02   1.716307e-01   2.153807e-03   4.372290e+03   4.875985e-01   6.383652e+03   4.136120e+03   8.477529e-03   1.767440e-02   2.772439e-02   5.409508e-02   2.395854e-01   2.919076e+00   1.835871e-01   2.037468e-03   2.942438e+02   2.361706e+02   9.510584e-02   2.584811e-01   4.140086e-01   6.997277e-01   1.706916e+00   5.497606e+00   1.307959e+00   1.163386e-04
        68675   9.091430e+00   7.024084e+03   1.712931e-01   1.114008e-02   1.723068e-01   2.115389e-03   4.590357e+03   4.875888e-01   6.710309e+03   4.347977e+03   8.345751e-03   1.744397e-02   2.744937e-02   5.388194e-02   2.398224e-01   2.919192e+00   1.837688e-01   2.003692e-03   3.018959e+02   2.423803e+02   9.519451e-02   2.586442e-01   4.141806e-01   6.999097e-01   1.707159e+00   5.498084e+00   1.308145e+00   1.116969e-04
        68911   9.092739e+00   7.314304e+03   1.718819e-01   1.093751e-02   1.728765e-01   2.084066e-03   4.778343e+03   4.875927e-01   6.993466e+03   4.530629e+03   8.238245e-03   1.725614e-02   2.722598e-02   5.371312e-02   2.400200e-01   2.919288e+00   1.839202e-01   1.976026e-03   3.083832e+02   2.477140e+02   9.526903e-02   2.587771e-01   4.143201e-01   7.000568e-01   1.707354e+00   5.498467e+00   1.308295e+00   1.080401e-04
        68960   9.093005e+00   7.376067e+03   1.720048e-01   1.089598e-02   1.729954e-01   2.077677e-03   4.818371e+03   4.875934e-01   7.053743e+03   4.569533e+03   8.216106e-03   1.721747e-02   2.718009e-02   5.367894e-02   2.400611e-01   2.919307e+00   1.839517e-01   1.970378e-03   3.097473e+02   2.488387e+02   9.528461e-02   2.588045e-01   4.143488e-01   7.000870e-01   1.707394e+00   5.498545e+00   1.308325e+00   1.072990e-04
        69245   9.094517e+00   7.745873e+03   1.727228e-01   1.065799e-02   1.736815e-01   2.041153e-03   5.057907e+03   4.875723e-01   7.414763e+03   4.802701e+03   8.088583e-03   1.699489e-02   2.691658e-02   5.348607e-02   2.403011e-01   2.919422e+00   1.841356e-01   1.938163e-03   3.177952e+02   2.552059e+02   9.537614e-02   2.589621e-01   4.145132e-01   7.002596e-01   1.707622e+00   5.498990e+00   1.308500e+00   1.029901e-04
        69467   9.095654e+00   8.046848e+03   1.732861e-01   1.047673e-02   1.742216e-01   2.013589e-03   5.253094e+03   4.875577e-01   7.708726e+03   4.992767e+03   7.990702e-03   1.682419e-02   2.671531e-02   5.334279e-02   2.404886e-01   2.919510e+00   1.842793e-01   1.913802e-03   3.242021e+02   2.603268e+02   9.544830e-02   2.590830e-01   4.146387e-01   7.003909e-01   1.707794e+00   5.499325e+00   1.308632e+00   9.978713e-05
        69530   9.095970e+00   8.134396e+03   1.734468e-01   1.042588e-02   1.743759e-01   2.005883e-03   5.309929e+03   4.875549e-01   7.794255e+03   5.048121e+03   7.963152e-03   1.677617e-02   2.665881e-02   5.330321e-02   2.405419e-01   2.919535e+00   1.843201e-01   1.906982e-03   3.260435e+02   2.618079e+02   9.546890e-02   2.591170e-01   4.146739e-01   7.004277e-01   1.707843e+00   5.499419e+00   1.308669e+00   9.890075e-05
        69814   9.097360e+00   8.541198e+03   1.741756e-01   1.019764e-02   1.750770e-01   1.970790e-03   5.575230e+03   4.875521e-01   8.191798e+03   5.306559e+03   7.840186e-03   1.656196e-02   2.640748e-02   5.313073e-02   2.407824e-01   2.919647e+00   1.845044e-01   1.875817e-03   3.344768e+02   2.686708e+02   9.556231e-02   2.592685e-01   4.148304e-01   7.005907e-01   1.708056e+00   5.499831e+00   1.308832e+00   9.497253e-05
        70022   9.098343e+00   8.852124e+03   1.747134e-01   1.003156e-02   1.755956e-01   1.944766e-03   5.779400e+03   4.875543e-01   8.495777e+03   5.505501e+03   7.751397e-03   1.640742e-02   2.622691e-02   5.301052e-02   2.409587e-01   2.919728e+00   1.846395e-01   1.852599e-03   3.407894e+02   2.738989e+02   9.563127e-02   2.593778e-01   4.149428e-01   7.007073e-01   1.708207e+00   5.500123e+00   1.308949e+00   9.216687e-05
        70098   9.098696e+00   8.968566e+03   1.749109e-01   9.971654e-03   1.757839e-01   1.935403e-03   5.855865e+03   4.875499e-01   8.609644e+03   5.580107e+03   7.719220e-03   1.635145e-02   2.616166e-02   5.296788e-02   2.410232e-01   2.919757e+00   1.846889e-01   1.844263e-03   3.431255e+02   2.757580e+02   9.565658e-02   2.594173e-01   4.149833e-01   7.007494e-01   1.708262e+00   5.500228e+00   1.308990e+00   9.113989e-05
        70382   9.099978e+00   9.417532e+03   1.756526e-01   9.751378e-03   1.764912e-01   1.901212e-03   6.151114e+03   4.875326e-01   9.048819e+03   5.868293e+03   7.600224e-03   1.614460e-02   2.592133e-02   5.281457e-02   2.412639e-01   2.919867e+00   1.848733e-01   1.813796e-03   3.519931e+02   2.828212e+02   9.575163e-02   2.595634e-01   4.151327e-01   7.009039e-01   1.708462e+00   5.500612e+00   1.309143e+00   8.741554e-05
        70577   9.100829e+00   9.738875e+03   1.761655e-01   9.603327e-03   1.769819e-01   1.878449e-03   6.362906e+03   4.875234e-01   9.363277e+03   6.075078e+03   7.519644e-03   1.600466e-02   2.575945e-02   5.271474e-02   2.414289e-01   2.919941e+00   1.849998e-01   1.793477e-03   3.582109e+02   2.878273e+02   9.581725e-02   2.596620e-01   4.152333e-01   7.010075e-01   1.708595e+00   5.500867e+00   1.309246e+00   8.497198e-05
        70666   9.101210e+00   9.889193e+03   1.764006e-01   9.536528e-03   1.772072e-01   1.868215e-03   6.462151e+03   4.875202e-01   9.510409e+03   6.171995e+03   7.483168e-03   1.594135e-02   2.568642e-02   5.267063e-02   2.415042e-01   2.919975e+00   1.850575e-01   1.784330e-03   3.610836e+02   2.901567e+02   9.584728e-02   2.597066e-01   4.152786e-01   7.010542e-01   1.708655e+00   5.500982e+00   1.309292e+00   8.388461e-05
        70731   9.101485e+00   1.000046e+04   1.765728e-01   9.488079e-03   1.773724e-01   1.860817e-03   6.535668e+03   4.875192e-01   9.619330e+03   6.243791e+03   7.456645e-03   1.589533e-02   2.563340e-02   5.263898e-02   2.415591e-01   2.920000e+00   1.850995e-01   1.777714e-03   3.631965e+02   2.918765e+02   9.586924e-02   2.597390e-01   4.153115e-01   7.010880e-01   1.708699e+00   5.501065e+00   1.309325e+00   8.310226e-05
