         step           time       rho0_tot        v20_tot            r_c           v2_c            m_c      rho_c_tot          eta_c    rho0[heavy]   rho_c[heavy]     r01[heavy]     r05[heavy]     r10[heavy]     r20[heavy]     r50[heavy]     r90[heavy]  r50evo[heavy]     m_c[heavy]    rho0[light]   rho_c[light]     r01[light]     r05[light]     r10[light]     r20[light]     r50[light]     r90[light]  r50evo[light]     m_c[light]
            0   0.000000e+00   2.999550e+00   1.666968e-01   5.651081e-01   1.540453e-01   1.190331e-01   1.978766e+00  -0.000000e+00   2.999550e-01   1.978766e-01   2.205546e-01   3.961548e-01   5.239231e-01   7.208781e-01   1.304859e+00   3.706212e+00   1.000000e+00   1.190331e-02   2.699595e+00   1.780889e+00   2.205546e-01   3.961548e-01   5.239231e-01   7.208781e-01   1.304859e+00   3.706212e+00   1.000000e+00   1.071298e-01
            1   1.753801e-05   2.999580e+00   1.666953e-01   5.651035e-01   1.540452e-01   1.190310e-01   1.978780e+00   5.782638e-06   2.999658e-01   1.978807e-01   2.205528e-01   3.961519e-01   5.239196e-01   7.208740e-01   1.304855e+00   3.706211e+00   9.999968e-01   1.190327e-02   2.699615e+00   1.780899e+00   2.205545e-01   3.961548e-01   5.239232e-01   7.208784e-01   1.304860e+00   3.706216e+00   1.000001e+00   1.071278e-01
            2   3.562520e-05   2.999616e+00   1.666940e-01   5.650984e-01   1.540452e-01   1.190289e-01   1.978797e+00   1.313755e-05   2.999763e-01   1.978849e-01   2.205510e-01   3.961490e-01   5.239161e-01   7.208700e-01   1.304851e+00   3.706211e+00   9.999939e-01   1.190320e-02   2.699640e+00   1.780912e+00   2.205543e-01   3.961545e-01   5.239229e-01   7.208782e-01   1.304861e+00   3.706219e+00   1.000001e+00   1.071257e-01
            3   5.458892e-05   2.999651e+00   1.666927e-01   5.650934e-01   1.540453e-01   1.190268e-01   1.978815e+00   2.018645e-05   2.999874e-01   1.978894e-01   2.205490e-01   3.961457e-01   5.239122e-01   7.208655e-01   1.304847e+00   3.706211e+00   9.999905e-01   1.190315e-02   2.699664e+00   1.780926e+00   2.205541e-01   3.961542e-01   5.239226e-01   7.208780e-01   1.304861e+00   3.706223e+00   1.000002e+00   1.071236e-01
            4   7.434559e-05   2.999687e+00   1.666915e-01   5.650883e-01   1.540453e-01   1.190247e-01   1.978833e+00   2.764655e-05   2.999986e-01   1.978940e-01   2.205470e-01   3.961424e-01   5.239082e-01   7.208608e-01   1.304842e+00   3.706211e+00   9.999871e-01   1.190311e-02   2.699688e+00   1.780939e+00   2.205538e-01   3.961538e-01   5.239223e-01   7.208778e-01   1.304862e+00   3.706226e+00   1.000002e+00   1.071215e-01
            5   9.481460e-05   2.999723e+00   1.666904e-01   5.650833e-01   1.540454e-01   1.190226e-01   1.978851e+00   3.533642e-05   3.000100e-01   1.978988e-01   2.205448e-01   3.961389e-01   5.239040e-01   7.208560e-01   1.304837e+00   3.706211e+00   9.999835e-01   1.190308e-02   2.699713e+00   1.780953e+00   2.205536e-01   3.961535e-01   5.239219e-01   7.208776e-01   1.304863e+00   3.706230e+00   1.000003e+00   1.071195e-01
            6   1.159286e-04   2.999758e+00   1.666893e-01   5.650783e-01   1.540454e-01   1.190205e-01   1.978870e+00   4.327672e-05   3.000215e-01   1.979036e-01   2.205426e-01   3.961353e-01   5.238996e-01   7.208510e-01   1.304833e+00   3.706211e+00   9.999797e-01   1.190306e-02   2.699737e+00   1.780966e+00   2.205533e-01   3.961531e-01   5.239216e-01   7.208774e-01   1.304863e+00   3.706234e+00   1.000003e+00   1.071175e-01
            7   1.376298e-04   2.999794e+00   1.666882e-01   5.650734e-01   1.540455e-01   1.190185e-01   1.978888e+00   5.143618e-05   3.000331e-01   1.979086e-01   2.205403e-01   3.961316e-01   5.238952e-01   7.208459e-01   1.304828e+00   3.706211e+00   9.999759e-01   1.190304e-02   2.699761e+00   1.780980e+00   2.205531e-01   3.961528e-01   5.239212e-01   7.208772e-01   1.304864e+00   3.706238e+00   1.000004e+00   1.071155e-01
            8   1.598678e-04   2.999829e+00   1.666871e-01   5.650685e-01   1.540455e-01   1.190165e-01   1.978907e+00   5.979862e-05   3.000448e-01   1.979136e-01   2.205380e-01   3.961278e-01   5.238906e-01   7.208406e-01   1.304823e+00   3.706211e+00   9.999720e-01   1.190303e-02   2.699784e+00   1.780993e+00   2.205528e-01   3.961524e-01   5.239208e-01   7.208769e-01   1.304865e+00   3.706242e+00   1.000004e+00   1.071135e-01
            9   1.825975e-04   2.999864e+00   1.666861e-01   5.650636e-01   1.540455e-01   1.190146e-01   1.978925e+00   6.834646e-05   3.000566e-01   1.979187e-01   2.205356e-01   3.961239e-01   5.238860e-01   7.208352e-01   1.304817e+00   3.706211e+00   9.999680e-01   1.190303e-02   2.699808e+00   1.781007e+00   2.205525e-01   3.961520e-01   5.239204e-01   7.208767e-01   1.304866e+00   3.706247e+00   1.000005e+00   1.071116e-01
           10   2.057784e-04   2.999899e+00   1.666851e-01   5.650588e-01   1.540456e-01   1.190127e-01   1.978944e+00   7.706453e-05   3.000685e-01   1.979239e-01   2.205332e-01   3.961200e-01   5.238812e-01   7.208297e-01   1.304812e+00   3.706210e+00   9.999639e-01   1.190304e-02   2.699831e+00   1.781020e+00   2.205522e-01   3.961516e-01   5.239200e-01   7.208765e-01   1.304866e+00   3.706251e+00   1.000006e+00   1.071096e-01
           11   2.293736e-04   2.999934e+00   1.666842e-01   5.650540e-01   1.540456e-01   1.190108e-01   1.978963e+00   8.593888e-05   3.000805e-01   1.979291e-01   2.205308e-01   3.961159e-01   5.238764e-01   7.208242e-01   1.304807e+00   3.706210e+00   9.999598e-01   1.190305e-02   2.699853e+00   1.781034e+00   2.205519e-01   3.961512e-01   5.239196e-01   7.208762e-01   1.304867e+00   3.706255e+00   1.000006e+00   1.071077e-01
           12   2.533493e-04   2.999968e+00   1.666833e-01   5.650493e-01   1.540456e-01   1.190089e-01   1.978981e+00   9.495678e-05   3.000925e-01   1.979344e-01   2.205283e-01   3.961118e-01   5.238714e-01   7.208185e-01   1.304801e+00   3.706210e+00   9.999556e-01   1.190307e-02   2.699876e+00   1.781047e+00   2.205516e-01   3.961508e-01   5.239192e-01   7.208759e-01   1.304868e+00   3.706260e+00   1.000007e+00   1.071058e-01
           14   3.023213e-04   3.000037e+00   1.666815e-01   5.650400e-01   1.540457e-01   1.190053e-01   1.979019e+00   1.133775e-04   3.001167e-01   1.979452e-01   2.205231e-01   3.961035e-01   5.238614e-01   7.208069e-01   1.304790e+00   3.706210e+00   9.999469e-01   1.190313e-02   2.699920e+00   1.781073e+00   2.205510e-01   3.961499e-01   5.239184e-01   7.208754e-01   1.304869e+00   3.706269e+00   1.000008e+00   1.071021e-01
           16   3.524767e-04   3.000104e+00   1.666798e-01   5.650308e-01   1.540457e-01   1.190017e-01   1.979056e+00   1.322444e-04   3.001411e-01   1.979560e-01   2.205179e-01   3.960949e-01   5.238511e-01   7.207950e-01   1.304778e+00   3.706210e+00   9.999381e-01   1.190320e-02   2.699963e+00   1.781100e+00   2.205504e-01   3.961490e-01   5.239175e-01   7.208749e-01   1.304871e+00   3.706279e+00   1.000009e+00   1.070985e-01
           18   4.036316e-04   3.000170e+00   1.666783e-01   5.650218e-01   1.540457e-01   1.189982e-01   1.979093e+00   1.514880e-04   3.001657e-01   1.979671e-01   2.205125e-01   3.960862e-01   5.238406e-01   7.207829e-01   1.304767e+00   3.706209e+00   9.999291e-01   1.190330e-02   2.700005e+00   1.781126e+00   2.205498e-01   3.961481e-01   5.239166e-01   7.208743e-01   1.304873e+00   3.706288e+00   1.000010e+00   1.070949e-01
           20   4.556311e-04   3.000236e+00   1.666768e-01   5.650129e-01   1.540457e-01   1.189949e-01   1.979130e+00   1.710498e-04   3.001904e-01   1.979782e-01   2.205071e-01   3.960773e-01   5.238299e-01   7.207706e-01   1.304755e+00   3.706209e+00   9.999199e-01   1.190341e-02   2.700045e+00   1.781152e+00   2.205491e-01   3.961472e-01   5.239157e-01   7.208737e-01   1.304874e+00   3.706298e+00   1.000012e+00   1.070915e-01
           22   5.083449e-04   3.000301e+00   1.666754e-01   5.650042e-01   1.540457e-01   1.189916e-01   1.979167e+00   1.908805e-04   3.002153e-01   1.979894e-01   2.205016e-01   3.960683e-01   5.238191e-01   7.207581e-01   1.304742e+00   3.706209e+00   9.999107e-01   1.190353e-02   2.700085e+00   1.781178e+00   2.205484e-01   3.961463e-01   5.239148e-01   7.208731e-01   1.304876e+00   3.706308e+00   1.000013e+00   1.070881e-01
           24   5.616636e-04   3.000365e+00   1.666740e-01   5.649956e-01   1.540457e-01   1.189884e-01   1.979204e+00   2.109388e-04   3.002403e-01   1.980007e-01   2.204960e-01   3.960592e-01   5.238081e-01   7.207455e-01   1.304730e+00   3.706208e+00   9.999013e-01   1.190367e-02   2.700125e+00   1.781203e+00   2.205478e-01   3.961454e-01   5.239139e-01   7.208726e-01   1.304878e+00   3.706318e+00   1.000014e+00   1.070847e-01
           27   6.425790e-04   3.000460e+00   1.666722e-01   5.649829e-01   1.540457e-01   1.189837e-01   1.979259e+00   2.413786e-04   3.002779e-01   1.980178e-01   2.204875e-01   3.960454e-01   5.237915e-01   7.207263e-01   1.304712e+00   3.706208e+00   9.998870e-01   1.190389e-02   2.700182e+00   1.781241e+00   2.205468e-01   3.961439e-01   5.239125e-01   7.208717e-01   1.304880e+00   3.706333e+00   1.000016e+00   1.070798e-01
           30   7.244026e-04   3.000553e+00   1.666704e-01   5.649705e-01   1.540457e-01   1.189791e-01   1.979314e+00   2.721594e-04   3.003156e-01   1.980350e-01   2.204790e-01   3.960314e-01   5.237747e-01   7.207069e-01   1.304693e+00   3.706208e+00   9.998726e-01   1.190414e-02   2.700238e+00   1.781279e+00   2.205457e-01   3.961425e-01   5.239111e-01   7.208708e-01   1.304883e+00   3.706348e+00   1.000018e+00   1.070750e-01
           33   8.069426e-04   3.000646e+00   1.666687e-01   5.649582e-01   1.540456e-01   1.189746e-01   1.979368e+00   3.032087e-04   3.003535e-01   1.980522e-01   2.204704e-01   3.960173e-01   5.237577e-01   7.206873e-01   1.304674e+00   3.706207e+00   9.998581e-01   1.190440e-02   2.700292e+00   1.781316e+00   2.205447e-01   3.961410e-01   5.239096e-01   7.208698e-01   1.304885e+00   3.706364e+00   1.000020e+00   1.070702e-01
           36   8.900513e-04   3.000737e+00   1.666671e-01   5.649462e-01   1.540456e-01   1.189703e-01   1.979422e+00   3.344706e-04   3.003915e-01   1.980695e-01   2.204617e-01   3.960031e-01   5.237407e-01   7.206676e-01   1.304655e+00   3.706207e+00   9.998434e-01   1.190468e-02   2.700345e+00   1.781353e+00   2.205436e-01   3.961396e-01   5.239082e-01   7.208689e-01   1.304888e+00   3.706379e+00   1.000022e+00   1.070656e-01
           40   1.001554e-03   3.000857e+00   1.666651e-01   5.649304e-01   1.540455e-01   1.189646e-01   1.979494e+00   3.764110e-04   3.004422e-01   1.980926e-01   2.204500e-01   3.959840e-01   5.237177e-01   7.206412e-01   1.304629e+00   3.706206e+00   9.998238e-01   1.190506e-02   2.700415e+00   1.781402e+00   2.205422e-01   3.961376e-01   5.239062e-01   7.208677e-01   1.304891e+00   3.706400e+00   1.000025e+00   1.070595e-01
           44   1.113666e-03   3.000976e+00   1.666632e-01   5.649147e-01   1.540454e-01   1.189590e-01   1.979566e+00   4.185776e-04   3.004931e-01   1.981158e-01   2.204383e-01   3.959649e-01   5.236947e-01   7.206147e-01   1.304603e+00   3.706205e+00   9.998040e-01   1.190547e-02   2.700482e+00   1.781450e+00   2.205408e-01   3.961356e-01   5.239043e-01   7.208664e-01   1.304895e+00   3.706421e+00   1.000027e+00   1.070536e-01
           48   1.226241e-03   3.001094e+00   1.666614e-01   5.648993e-01   1.540453e-01   1.189536e-01   1.979637e+00   4.609151e-04   3.005440e-01   1.981390e-01   2.204265e-01   3.959457e-01   5.236716e-01   7.205880e-01   1.304577e+00   3.706205e+00   9.997842e-01   1.190589e-02   2.700549e+00   1.781498e+00   2.205394e-01   3.961336e-01   5.239023e-01   7.208651e-01   1.304898e+00   3.706442e+00   1.000030e+00   1.070477e-01
           53   1.367451e-03   3.001239e+00   1.666593e-01   5.648803e-01   1.540452e-01   1.189469e-01   1.979725e+00   5.140175e-04   3.006078e-01   1.981680e-01   2.204117e-01   3.959215e-01   5.236426e-01   7.205545e-01   1.304545e+00   3.706204e+00   9.997593e-01   1.190643e-02   2.700631e+00   1.781557e+00   2.205376e-01   3.961312e-01   5.238998e-01   7.208636e-01   1.304903e+00   3.706468e+00   1.000034e+00   1.070404e-01
           58   1.509072e-03   3.001384e+00   1.666572e-01   5.648614e-01   1.540451e-01   1.189402e-01   1.979814e+00   5.672694e-04   3.006716e-01   1.981971e-01   2.203969e-01   3.958974e-01   5.236135e-01   7.205210e-01   1.304512e+00   3.706203e+00   9.997343e-01   1.190699e-02   2.700711e+00   1.781617e+00   2.205358e-01   3.961286e-01   5.238974e-01   7.208620e-01   1.304907e+00   3.706495e+00   1.000037e+00   1.070333e-01
           64   1.679419e-03   3.001556e+00   1.666548e-01   5.648390e-01   1.540449e-01   1.189324e-01   1.979919e+00   6.313152e-04   3.007483e-01   1.982320e-01   2.203791e-01   3.958683e-01   5.235785e-01   7.204806e-01   1.304473e+00   3.706202e+00   9.997043e-01   1.190766e-02   2.700807e+00   1.781687e+00   2.205337e-01   3.961256e-01   5.238944e-01   7.208601e-01   1.304913e+00   3.706527e+00   1.000041e+00   1.070248e-01
           70   1.850090e-03   3.001727e+00   1.666524e-01   5.648168e-01   1.540447e-01   1.189247e-01   1.980024e+00   6.954751e-04   3.008251e-01   1.982669e-01   2.203613e-01   3.958391e-01   5.235435e-01   7.204402e-01   1.304434e+00   3.706201e+00   9.996742e-01   1.190836e-02   2.700901e+00   1.781757e+00   2.205315e-01   3.961226e-01   5.238914e-01   7.208582e-01   1.304918e+00   3.706559e+00   1.000045e+00   1.070164e-01
           77   2.049509e-03   3.001925e+00   1.666498e-01   5.647911e-01   1.540445e-01   1.189158e-01   1.980147e+00   7.704321e-04   3.009147e-01   1.983077e-01   2.203404e-01   3.958051e-01   5.235025e-01   7.203929e-01   1.304388e+00   3.706200e+00   9.996390e-01   1.190918e-02   2.701009e+00   1.781839e+00   2.205290e-01   3.961191e-01   5.238879e-01   7.208559e-01   1.304924e+00   3.706596e+00   1.000050e+00   1.070066e-01
           85   2.277713e-03   3.002151e+00   1.666469e-01   5.647618e-01   1.540442e-01   1.189057e-01   1.980286e+00   8.561947e-04   3.010172e-01   1.983543e-01   2.203166e-01   3.957661e-01   5.234556e-01   7.203388e-01   1.304336e+00   3.706199e+00   9.995988e-01   1.191012e-02   2.701132e+00   1.781932e+00   2.205261e-01   3.961151e-01   5.238839e-01   7.208534e-01   1.304931e+00   3.706639e+00   1.000055e+00   1.069956e-01
           93   2.506152e-03   3.002375e+00   1.666440e-01   5.647327e-01   1.540439e-01   1.188957e-01   1.980425e+00   9.420315e-04   3.011198e-01   1.984009e-01   2.202927e-01   3.957272e-01   5.234087e-01   7.202847e-01   1.304283e+00   3.706198e+00   9.995585e-01   1.191108e-02   2.701255e+00   1.782024e+00   2.205233e-01   3.961110e-01   5.238799e-01   7.208508e-01   1.304938e+00   3.706681e+00   1.000061e+00   1.069846e-01
          102   2.763361e-03   3.002627e+00   1.666408e-01   5.647001e-01   1.540436e-01   1.188844e-01   1.980582e+00   1.038661e-03   3.012353e-01   1.984533e-01   2.202659e-01   3.956833e-01   5.233559e-01   7.202238e-01   1.304224e+00   3.706196e+00   9.995132e-01   1.191216e-02   2.701391e+00   1.782128e+00   2.205200e-01   3.961065e-01   5.238754e-01   7.208479e-01   1.304946e+00   3.706729e+00   1.000067e+00   1.069723e-01
          112   3.049356e-03   3.002907e+00   1.666373e-01   5.646639e-01   1.540433e-01   1.188720e-01   1.980755e+00   1.146083e-03   3.013636e-01   1.985116e-01   2.202360e-01   3.956345e-01   5.232972e-01   7.201560e-01   1.304158e+00   3.706195e+00   9.994627e-01   1.191338e-02   2.701542e+00   1.782244e+00   2.205164e-01   3.961014e-01   5.238704e-01   7.208447e-01   1.304955e+00   3.706783e+00   1.000074e+00   1.069587e-01
          123   3.364153e-03   3.003214e+00   1.666335e-01   5.646243e-01   1.540429e-01   1.188585e-01   1.980946e+00   1.264298e-03   3.015050e-01   1.985758e-01   2.202031e-01   3.955808e-01   5.232326e-01   7.200815e-01   1.304086e+00   3.706193e+00   9.994072e-01   1.191472e-02   2.701707e+00   1.782370e+00   2.205125e-01   3.960959e-01   5.238649e-01   7.208412e-01   1.304965e+00   3.706842e+00   1.000081e+00   1.069437e-01
          135   3.707766e-03   3.003548e+00   1.666294e-01   5.645812e-01   1.540424e-01   1.188437e-01   1.981154e+00   1.393301e-03   3.016592e-01   1.986458e-01   2.201673e-01   3.955222e-01   5.231621e-01   7.200001e-01   1.304006e+00   3.706191e+00   9.993466e-01   1.191619e-02   2.701887e+00   1.782508e+00   2.205081e-01   3.960898e-01   5.238589e-01   7.208373e-01   1.304976e+00   3.706906e+00   1.000090e+00   1.069275e-01
          148   4.080212e-03   3.003910e+00   1.666250e-01   5.645345e-01   1.540420e-01   1.188277e-01   1.981379e+00   1.533092e-03   3.018265e-01   1.987217e-01   2.201284e-01   3.954587e-01   5.230857e-01   7.199119e-01   1.303921e+00   3.706189e+00   9.992809e-01   1.191778e-02   2.702081e+00   1.782658e+00   2.205034e-01   3.960832e-01   5.238524e-01   7.208331e-01   1.304988e+00   3.706975e+00   1.000099e+00   1.069100e-01
          163   4.510182e-03   3.004327e+00   1.666199e-01   5.644807e-01   1.540414e-01   1.188094e-01   1.981639e+00   1.694425e-03   3.020196e-01   1.988093e-01   2.200836e-01   3.953854e-01   5.229975e-01   7.198100e-01   1.303822e+00   3.706186e+00   9.992050e-01   1.191963e-02   2.702305e+00   1.782830e+00   2.204980e-01   3.960756e-01   5.238449e-01   7.208283e-01   1.305001e+00   3.707056e+00   1.000109e+00   1.068897e-01
          179   4.969055e-03   3.004771e+00   1.666145e-01   5.644234e-01   1.540409e-01   1.187898e-01   1.981917e+00   1.866546e-03   3.022258e-01   1.989029e-01   2.200358e-01   3.953072e-01   5.229034e-01   7.197014e-01   1.303716e+00   3.706184e+00   9.991241e-01   1.192161e-02   2.702544e+00   1.783014e+00   2.204922e-01   3.960675e-01   5.238369e-01   7.208231e-01   1.305015e+00   3.707141e+00   1.000120e+00   1.068682e-01
          197   5.485559e-03   3.005272e+00   1.666085e-01   5.643589e-01   1.540402e-01   1.187678e-01   1.982229e+00   2.060214e-03   3.024579e-01   1.990082e-01   2.199820e-01   3.952193e-01   5.227975e-01   7.195791e-01   1.303597e+00   3.706181e+00   9.990329e-01   1.192383e-02   2.702811e+00   1.783221e+00   2.204857e-01   3.960584e-01   5.238279e-01   7.208173e-01   1.305032e+00   3.707238e+00   1.000132e+00   1.068440e-01
          217   6.059769e-03   3.005828e+00   1.666018e-01   5.642874e-01   1.540395e-01   1.187434e-01   1.982576e+00   2.275431e-03   3.027161e-01   1.991253e-01   2.199222e-01   3.951215e-01   5.226798e-01   7.194431e-01   1.303465e+00   3.706177e+00   9.989315e-01   1.192631e-02   2.703109e+00   1.783451e+00   2.204785e-01   3.960483e-01   5.238178e-01   7.208109e-01   1.305050e+00   3.707345e+00   1.000146e+00   1.068171e-01
          239   6.691769e-03   3.006439e+00   1.665944e-01   5.642087e-01   1.540387e-01   1.187166e-01   1.982958e+00   2.512201e-03   3.030004e-01   1.992542e-01   2.198564e-01   3.950139e-01   5.225504e-01   7.192935e-01   1.303319e+00   3.706173e+00   9.988200e-01   1.192904e-02   2.703436e+00   1.783704e+00   2.204705e-01   3.960371e-01   5.238068e-01   7.208038e-01   1.305069e+00   3.707463e+00   1.000161e+00   1.067876e-01
          263   7.381652e-03   3.007107e+00   1.665864e-01   5.641228e-01   1.540378e-01   1.186874e-01   1.983375e+00   2.770528e-03   3.033110e-01   1.993951e-01   2.197846e-01   3.948966e-01   5.224090e-01   7.191303e-01   1.303160e+00   3.706169e+00   9.986981e-01   1.193203e-02   2.703793e+00   1.783980e+00   2.204618e-01   3.960249e-01   5.237947e-01   7.207960e-01   1.305091e+00   3.707592e+00   1.000178e+00   1.067554e-01
          289   8.129516e-03   3.007831e+00   1.665778e-01   5.640298e-01   1.540368e-01   1.186558e-01   1.983827e+00   3.050415e-03   3.036478e-01   1.995478e-01   2.197069e-01   3.947694e-01   5.222559e-01   7.189533e-01   1.302988e+00   3.706165e+00   9.985660e-01   1.193526e-02   2.704180e+00   1.784279e+00   2.204524e-01   3.960117e-01   5.237816e-01   7.207876e-01   1.305114e+00   3.707732e+00   1.000195e+00   1.067205e-01
          318   8.964269e-03   3.008639e+00   1.665682e-01   5.639261e-01   1.540358e-01   1.186205e-01   1.984332e+00   3.362636e-03   3.040241e-01   1.997185e-01   2.196202e-01   3.946276e-01   5.220851e-01   7.187558e-01   1.302795e+00   3.706160e+00   9.984186e-01   1.193888e-02   2.704611e+00   1.784614e+00   2.204419e-01   3.959970e-01   5.237670e-01   7.207782e-01   1.305140e+00   3.707888e+00   1.000215e+00   1.066816e-01
          350   9.886096e-03   3.009531e+00   1.665575e-01   5.638116e-01   1.540346e-01   1.185816e-01   1.984890e+00   3.707198e-03   3.044399e-01   1.999070e-01   2.195245e-01   3.944711e-01   5.218965e-01   7.185377e-01   1.302583e+00   3.706154e+00   9.982556e-01   1.194287e-02   2.705087e+00   1.784983e+00   2.204303e-01   3.959807e-01   5.237509e-01   7.207679e-01   1.305169e+00   3.708060e+00   1.000237e+00   1.066387e-01
          385   1.089521e-02   3.010509e+00   1.665459e-01   5.636864e-01   1.540334e-01   1.185391e-01   1.985501e+00   4.084113e-03   3.048955e-01   2.001136e-01   2.194199e-01   3.942998e-01   5.216901e-01   7.182991e-01   1.302350e+00   3.706147e+00   9.980773e-01   1.194725e-02   2.705608e+00   1.785387e+00   2.204176e-01   3.959629e-01   5.237333e-01   7.207565e-01   1.305200e+00   3.708249e+00   1.000262e+00   1.065918e-01
          423   1.199183e-02   3.011571e+00   1.665333e-01   5.635504e-01   1.540320e-01   1.184929e-01   1.986165e+00   4.493391e-03   3.053910e-01   2.003382e-01   2.193063e-01   3.941138e-01   5.214660e-01   7.180398e-01   1.302097e+00   3.706140e+00   9.978833e-01   1.195201e-02   2.706175e+00   1.785827e+00   2.204038e-01   3.959435e-01   5.237141e-01   7.207442e-01   1.305235e+00   3.708453e+00   1.000288e+00   1.065409e-01
          465   1.320512e-02   3.012747e+00   1.665194e-01   5.634000e-01   1.540304e-01   1.184419e-01   1.986901e+00   4.945818e-03   3.059399e-01   2.005871e-01   2.191808e-01   3.939083e-01   5.212182e-01   7.177530e-01   1.301817e+00   3.706132e+00   9.976687e-01   1.195727e-02   2.706801e+00   1.786314e+00   2.203885e-01   3.959221e-01   5.236929e-01   7.207305e-01   1.305272e+00   3.708680e+00   1.000317e+00   1.064847e-01
          511   1.453544e-02   3.014036e+00   1.665041e-01   5.632352e-01   1.540288e-01   1.183861e-01   1.987708e+00   5.441413e-03   3.065423e-01   2.008602e-01   2.190433e-01   3.936831e-01   5.209467e-01   7.174386e-01   1.301510e+00   3.706123e+00   9.974332e-01   1.196305e-02   2.707488e+00   1.786848e+00   2.203718e-01   3.958986e-01   5.236696e-01   7.207155e-01   1.305314e+00   3.708928e+00   1.000349e+00   1.064231e-01
          562   1.601218e-02   3.015469e+00   1.664872e-01   5.630524e-01   1.540269e-01   1.183243e-01   1.988605e+00   5.990974e-03   3.072120e-01   2.011637e-01   2.188909e-01   3.934333e-01   5.206455e-01   7.170897e-01   1.301169e+00   3.706113e+00   9.971718e-01   1.196947e-02   2.708250e+00   1.787441e+00   2.203532e-01   3.958726e-01   5.236438e-01   7.206989e-01   1.305360e+00   3.709204e+00   1.000384e+00   1.063548e-01
          618   1.763590e-02   3.017045e+00   1.664686e-01   5.628516e-01   1.540249e-01   1.182564e-01   1.989592e+00   6.594531e-03   3.079492e-01   2.014979e-01   2.187236e-01   3.931590e-01   5.203145e-01   7.167063e-01   1.300793e+00   3.706101e+00   9.968841e-01   1.197653e-02   2.709088e+00   1.788094e+00   2.203328e-01   3.958439e-01   5.236154e-01   7.206805e-01   1.305410e+00   3.709507e+00   1.000422e+00   1.062798e-01
          679   1.940723e-02   3.018766e+00   1.664484e-01   5.626327e-01   1.540227e-01   1.181824e-01   1.990670e+00   7.252117e-03   3.087548e-01   2.018629e-01   2.185413e-01   3.928602e-01   5.199538e-01   7.162881e-01   1.300384e+00   3.706088e+00   9.965702e-01   1.198423e-02   2.710003e+00   1.788807e+00   2.203106e-01   3.958127e-01   5.235844e-01   7.206605e-01   1.305465e+00   3.709838e+00   1.000465e+00   1.061982e-01
          746   2.135598e-02   3.020660e+00   1.664261e-01   5.623922e-01   1.540203e-01   1.181013e-01   1.991857e+00   7.974554e-03   3.096424e-01   2.022652e-01   2.183412e-01   3.925318e-01   5.195574e-01   7.158283e-01   1.299933e+00   3.706074e+00   9.962246e-01   1.199272e-02   2.711008e+00   1.789592e+00   2.202861e-01   3.957783e-01   5.235504e-01   7.206385e-01   1.305526e+00   3.710202e+00   1.000511e+00   1.061086e-01
          819   2.348305e-02   3.022729e+00   1.664019e-01   5.621298e-01   1.540177e-01   1.180129e-01   1.993154e+00   8.761891e-03   3.106131e-01   2.027050e-01   2.181232e-01   3.921739e-01   5.191251e-01   7.153266e-01   1.299440e+00   3.706057e+00   9.958471e-01   1.200198e-02   2.712106e+00   1.790449e+00   2.202594e-01   3.957408e-01   5.235132e-01   7.206145e-01   1.305592e+00   3.710599e+00   1.000562e+00   1.060109e-01
          900   2.584791e-02   3.025032e+00   1.663750e-01   5.618385e-01   1.540148e-01   1.179149e-01   1.994599e+00   9.635763e-03   3.116943e-01   2.031949e-01   2.178813e-01   3.917766e-01   5.186451e-01   7.147691e-01   1.298892e+00   3.706038e+00   9.954271e-01   1.201229e-02   2.713326e+00   1.791404e+00   2.202297e-01   3.956991e-01   5.234718e-01   7.205877e-01   1.305665e+00   3.711040e+00   1.000618e+00   1.059026e-01
          988   2.842275e-02   3.027542e+00   1.663458e-01   5.615216e-01   1.540117e-01   1.178085e-01   1.996174e+00   1.058546e-02   3.128742e-01   2.037294e-01   2.176185e-01   3.913448e-01   5.181230e-01   7.141624e-01   1.298295e+00   3.706017e+00   9.949695e-01   1.202353e-02   2.714655e+00   1.792445e+00   2.201974e-01   3.956538e-01   5.234268e-01   7.205586e-01   1.305745e+00   3.711520e+00   1.000679e+00   1.057850e-01
         1085   3.126775e-02   3.030318e+00   1.663136e-01   5.611720e-01   1.540083e-01   1.176913e-01   1.997918e+00   1.163265e-02   3.141809e-01   2.043214e-01   2.173289e-01   3.908686e-01   5.175471e-01   7.134925e-01   1.297635e+00   3.705993e+00   9.944634e-01   1.203595e-02   2.716124e+00   1.793596e+00   2.201618e-01   3.956036e-01   5.233770e-01   7.205263e-01   1.305833e+00   3.712051e+00   1.000747e+00   1.056553e-01
         1191   3.438496e-02   3.033364e+00   1.662784e-01   5.607894e-01   1.540046e-01   1.175632e-01   1.999832e+00   1.277746e-02   3.156164e-01   2.049716e-01   2.170125e-01   3.903480e-01   5.169169e-01   7.127590e-01   1.296910e+00   3.705966e+00   9.939084e-01   1.204958e-02   2.717732e+00   1.794860e+00   2.201227e-01   3.955487e-01   5.233225e-01   7.204909e-01   1.305930e+00   3.712632e+00   1.000821e+00   1.055137e-01
         1307   3.780621e-02   3.036711e+00   1.662398e-01   5.603655e-01   1.540007e-01   1.174210e-01   2.001949e+00   1.403092e-02   3.171964e-01   2.056885e-01   2.166663e-01   3.897779e-01   5.162265e-01   7.119546e-01   1.296115e+00   3.705934e+00   9.932986e-01   1.206432e-02   2.719498e+00   1.796260e+00   2.200799e-01   3.954885e-01   5.232627e-01   7.204521e-01   1.306035e+00   3.713270e+00   1.000902e+00   1.053567e-01
         1434   4.156393e-02   3.040393e+00   1.661976e-01   5.598847e-01   1.539971e-01   1.172578e-01   2.004321e+00   1.540428e-02   3.189371e-01   2.064825e-01   2.162874e-01   3.891534e-01   5.154696e-01   7.110717e-01   1.295240e+00   3.705899e+00   9.926281e-01   1.207974e-02   2.721438e+00   1.797838e+00   2.200329e-01   3.954223e-01   5.231969e-01   7.204093e-01   1.306151e+00   3.713970e+00   1.000990e+00   1.051781e-01
         1573   4.569128e-02   3.044444e+00   1.661513e-01   5.593575e-01   1.539931e-01   1.170793e-01   2.006933e+00   1.690832e-02   3.208556e-01   2.073574e-01   2.158728e-01   3.884693e-01   5.146400e-01   7.101029e-01   1.294278e+00   3.705858e+00   9.918907e-01   1.209670e-02   2.723569e+00   1.799576e+00   2.199813e-01   3.953497e-01   5.231247e-01   7.203623e-01   1.306279e+00   3.714739e+00   1.001088e+00   1.049826e-01
         1725   5.022227e-02   3.048899e+00   1.661007e-01   5.587801e-01   1.539888e-01   1.168843e-01   2.009809e+00   1.855414e-02   3.229694e-01   2.083215e-01   2.154195e-01   3.877207e-01   5.137312e-01   7.090405e-01   1.293220e+00   3.705810e+00   9.910801e-01   1.211534e-02   2.725908e+00   1.801487e+00   2.199246e-01   3.952700e-01   5.230454e-01   7.203106e-01   1.306418e+00   3.715584e+00   1.001195e+00   1.047690e-01
         1891   5.519188e-02   3.053795e+00   1.660455e-01   5.581483e-01   1.539842e-01   1.166717e-01   2.012973e+00   2.035289e-02   3.252972e-01   2.093832e-01   2.149245e-01   3.869024e-01   5.127369e-01   7.078765e-01   1.292058e+00   3.705756e+00   9.901898e-01   1.213583e-02   2.728474e+00   1.803589e+00   2.198626e-01   3.951826e-01   5.229585e-01   7.202538e-01   1.306571e+00   3.716509e+00   1.001312e+00   1.045358e-01
         2073   6.066637e-02   3.059201e+00   1.659848e-01   5.574541e-01   1.539792e-01   1.164388e-01   2.016470e+00   2.232665e-02   3.278728e-01   2.105579e-01   2.143820e-01   3.860044e-01   5.116447e-01   7.065958e-01   1.290776e+00   3.705694e+00   9.892074e-01   1.215843e-02   2.731302e+00   1.805912e+00   2.197943e-01   3.950864e-01   5.228627e-01   7.201910e-01   1.306738e+00   3.717528e+00   1.001440e+00   1.042804e-01
         2272   6.668363e-02   3.065157e+00   1.659184e-01   5.566932e-01   1.539738e-01   1.161845e-01   2.020328e+00   2.448678e-02   3.307173e-01   2.118554e-01   2.137890e-01   3.850214e-01   5.104477e-01   7.051900e-01   1.289365e+00   3.705621e+00   9.881257e-01   1.218333e-02   2.734411e+00   1.808472e+00   2.197193e-01   3.949807e-01   5.227573e-01   7.201220e-01   1.306922e+00   3.718648e+00   1.001581e+00   1.040012e-01
         2489   7.328314e-02   3.071706e+00   1.658460e-01   5.558612e-01   1.539681e-01   1.159076e-01   2.024576e+00   2.684472e-02   3.338534e-01   2.132861e-01   2.131425e-01   3.839482e-01   5.091392e-01   7.036505e-01   1.287814e+00   3.705537e+00   9.869371e-01   1.221070e-02   2.737821e+00   1.811290e+00   2.196372e-01   3.948647e-01   5.226417e-01   7.200460e-01   1.307124e+00   3.719875e+00   1.001736e+00   1.036969e-01
         2725   8.050621e-02   3.078896e+00   1.657672e-01   5.549538e-01   1.539619e-01   1.156067e-01   2.029243e+00   2.941355e-02   3.373052e-01   2.148567e-01   2.124396e-01   3.827795e-01   5.077123e-01   7.019683e-01   1.286113e+00   3.705440e+00   9.856334e-01   1.224047e-02   2.741556e+00   1.814386e+00   2.195473e-01   3.947379e-01   5.225152e-01   7.199627e-01   1.307344e+00   3.721218e+00   1.001904e+00   1.033663e-01
         2982   8.842715e-02   3.086806e+00   1.656812e-01   5.539622e-01   1.539552e-01   1.152783e-01   2.034362e+00   3.222229e-02   3.411139e-01   2.165666e-01   2.116743e-01   3.815049e-01   5.061538e-01   7.001270e-01   1.284243e+00   3.705327e+00   9.842005e-01   1.227187e-02   2.745654e+00   1.817795e+00   2.194489e-01   3.945989e-01   5.223764e-01   7.198710e-01   1.307584e+00   3.722690e+00   1.002088e+00   1.030064e-01
         3262   9.712365e-02   3.095520e+00   1.655875e-01   5.528781e-01   1.539482e-01   1.149210e-01   2.040012e+00   3.528634e-02   3.453232e-01   2.184566e-01   2.108408e-01   3.801139e-01   5.044503e-01   6.981095e-01   1.282185e+00   3.705196e+00   9.826235e-01   1.230643e-02   2.750155e+00   1.821555e+00   2.193410e-01   3.944463e-01   5.222239e-01   7.197700e-01   1.307847e+00   3.724304e+00   1.002290e+00   1.026146e-01
         3566   1.066460e-01   3.105089e+00   1.654852e-01   5.516979e-01   1.539406e-01   1.145345e-01   2.046227e+00   3.861935e-02   3.499616e-01   2.205402e-01   2.099370e-01   3.786020e-01   5.025949e-01   6.959060e-01   1.279926e+00   3.705043e+00   9.808923e-01   1.234441e-02   2.755081e+00   1.825687e+00   2.192232e-01   3.942796e-01   5.220571e-01   7.196593e-01   1.308135e+00   3.726072e+00   1.002510e+00   1.021901e-01
         3897   1.171113e-01   3.115623e+00   1.653728e-01   5.504103e-01   1.539318e-01   1.141154e-01   2.053080e+00   4.226140e-02   3.550909e-01   2.228441e-01   2.089549e-01   3.769561e-01   5.005709e-01   6.934935e-01   1.277439e+00   3.704867e+00   9.789858e-01   1.238624e-02   2.760481e+00   1.830236e+00   2.190943e-01   3.940973e-01   5.218747e-01   7.195381e-01   1.308450e+00   3.728014e+00   1.002752e+00   1.017292e-01
         4256   1.285792e-01   3.127184e+00   1.652494e-01   5.490086e-01   1.539213e-01   1.136615e-01   2.060618e+00   4.622863e-02   3.607493e-01   2.253843e-01   2.078920e-01   3.751712e-01   4.983724e-01   6.908647e-01   1.274709e+00   3.704665e+00   9.768940e-01   1.243196e-02   2.766379e+00   1.835234e+00   2.189539e-01   3.938988e-01   5.216764e-01   7.194068e-01   1.308797e+00   3.730142e+00   1.003018e+00   1.012296e-01
         4645   1.411468e-01   3.139880e+00   1.651142e-01   5.474825e-01   1.539077e-01   1.131627e-01   2.068777e+00   5.053774e-02   3.669969e-01   2.281881e-01   2.067425e-01   3.732364e-01   4.959849e-01   6.880029e-01   1.271715e+00   3.704434e+00   9.745997e-01   1.248195e-02   2.772822e+00   1.840589e+00   2.188010e-01   3.936827e-01   5.214607e-01   7.192648e-01   1.309178e+00   3.732475e+00   1.003310e+00   1.006807e-01
         5067   1.549512e-01   3.153868e+00   1.649659e-01   5.458180e-01   1.538885e-01   1.126028e-01   2.077433e+00   5.521184e-02   3.739175e-01   2.312940e-01   2.054976e-01   3.711355e-01   4.933867e-01   6.848795e-01   1.268426e+00   3.704172e+00   9.720787e-01   1.253680e-02   2.779883e+00   1.846139e+00   2.186341e-01   3.934467e-01   5.212252e-01   7.191106e-01   1.309597e+00   3.735039e+00   1.003631e+00   1.000660e-01
         5523   1.700734e-01   3.169255e+00   1.648042e-01   5.440079e-01   1.538672e-01   1.119986e-01   2.086980e+00   6.027943e-02   3.815711e-01   2.347302e-01   2.041540e-01   3.688617e-01   4.905679e-01   6.814790e-01   1.264821e+00   3.703872e+00   9.693159e-01   1.259689e-02   2.787610e+00   1.852250e+00   2.184520e-01   3.931894e-01   5.209685e-01   7.189428e-01   1.310058e+00   3.737849e+00   1.003984e+00   9.940174e-02
         6016   1.866702e-01   3.186231e+00   1.646281e-01   5.420367e-01   1.538439e-01   1.113465e-01   2.097547e+00   6.577545e-02   3.900601e-01   2.385442e-01   2.027028e-01   3.663980e-01   4.875052e-01   6.777695e-01   1.260862e+00   3.703529e+00   9.662818e-01   1.266291e-02   2.796090e+00   1.859003e+00   2.182528e-01   3.929078e-01   5.206876e-01   7.187593e-01   1.310565e+00   3.740934e+00   1.004373e+00   9.868356e-02
         6547   2.048438e-01   3.204935e+00   1.644370e-01   5.398964e-01   1.538187e-01   1.106455e-01   2.109229e+00   7.171330e-02   3.994622e-01   2.427736e-01   2.011411e-01   3.637373e-01   4.841876e-01   6.737330e-01   1.256523e+00   3.703135e+00   9.629567e-01   1.273537e-02   2.805383e+00   1.866456e+00   2.180354e-01   3.926002e-01   5.203804e-01   7.185583e-01   1.311120e+00   3.744311e+00   1.004798e+00   9.791016e-02
         7118   2.247431e-01   3.225531e+00   1.642292e-01   5.375732e-01   1.537915e-01   1.098927e-01   2.122156e+00   7.812338e-02   4.098749e-01   2.474679e-01   1.994648e-01   3.608706e-01   4.805996e-01   6.693438e-01   1.251764e+00   3.702679e+00   9.593097e-01   1.281476e-02   2.815558e+00   1.874688e+00   2.177984e-01   3.922646e-01   5.200449e-01   7.183382e-01   1.311727e+00   3.748009e+00   1.005264e+00   9.707794e-02
         7731   2.465334e-01   3.248206e+00   1.640026e-01   5.350210e-01   1.537620e-01   1.090696e-01   2.136548e+00   8.504575e-02   4.214113e-01   2.526907e-01   1.976694e-01   3.577895e-01   4.767304e-01   6.645798e-01   1.246543e+00   3.702155e+00   9.553086e-01   1.289973e-02   2.826687e+00   1.883857e+00   2.175405e-01   3.918994e-01   5.196799e-01   7.180986e-01   1.312392e+00   3.752058e+00   1.005773e+00   9.616990e-02
         8387   2.703620e-01   3.273155e+00   1.637562e-01   5.321778e-01   1.537314e-01   1.081515e-01   2.152700e+00   9.250212e-02   4.341884e-01   2.585175e-01   1.957523e-01   3.544869e-01   4.725692e-01   6.594275e-01   1.240823e+00   3.701553e+00   9.509245e-01   1.298790e-02   2.838848e+00   1.894182e+00   2.172602e-01   3.915026e-01   5.192835e-01   7.178391e-01   1.313119e+00   3.756487e+00   1.006331e+00   9.516359e-02
         9060   2.953785e-01   3.299541e+00   1.634997e-01   5.292289e-01   1.536987e-01   1.072118e-01   2.169867e+00   1.001905e-01   4.477874e-01   2.647323e-01   1.937888e-01   3.510912e-01   4.682750e-01   6.540813e-01   1.234806e+00   3.700888e+00   9.463134e-01   1.308026e-02   2.851624e+00   1.905135e+00   2.169675e-01   3.910881e-01   5.188695e-01   7.175690e-01   1.313883e+00   3.761137e+00   1.006916e+00   9.413153e-02
         9088   2.964322e-01   3.300657e+00   1.634890e-01   5.291055e-01   1.536973e-01   1.071727e-01   2.170595e+00   1.005110e-01   4.483645e-01   2.649964e-01   1.937072e-01   3.509497e-01   4.680957e-01   6.538574e-01   1.234552e+00   3.700860e+00   9.461189e-01   1.308415e-02   2.852163e+00   1.905599e+00   2.169551e-01   3.910706e-01   5.188521e-01   7.175576e-01   1.313916e+00   3.761333e+00   1.006941e+00   9.408860e-02
         9835   3.249342e-01   3.330989e+00   1.631998e-01   5.257921e-01   1.536601e-01   1.061335e-01   2.190441e+00   1.090854e-01   4.640978e-01   2.722085e-01   1.915315e-01   3.471696e-01   4.632954e-01   6.478418e-01   1.227683e+00   3.700060e+00   9.408549e-01   1.318933e-02   2.866749e+00   1.918232e+00   2.166230e-01   3.906001e-01   5.183820e-01   7.172510e-01   1.314786e+00   3.766632e+00   1.007608e+00   9.294414e-02
        10629   3.560850e-01   3.364426e+00   1.628865e-01   5.222305e-01   1.536140e-01   1.050137e-01   2.211976e+00   1.182264e-01   4.815565e-01   2.802410e-01   1.892247e-01   3.431440e-01   4.581589e-01   6.413548e-01   1.220163e+00   3.699136e+00   9.350918e-01   1.330445e-02   2.882714e+00   1.931735e+00   2.162620e-01   3.900885e-01   5.178705e-01   7.169170e-01   1.315736e+00   3.772423e+00   1.008336e+00   9.170922e-02
        11471   3.901302e-01   3.401311e+00   1.625470e-01   5.184027e-01   1.535551e-01   1.037901e-01   2.234989e+00   1.279530e-01   5.009464e-01   2.890774e-01   1.867850e-01   3.388683e-01   4.526805e-01   6.343775e-01   1.211937e+00   3.698071e+00   9.287877e-01   1.342440e-02   2.900193e+00   1.945911e+00   2.158699e-01   3.895329e-01   5.173153e-01   7.165546e-01   1.316776e+00   3.778753e+00   1.009133e+00   9.036570e-02
        12362   4.273486e-01   3.442083e+00   1.621801e-01   5.142870e-01   1.534904e-01   1.024961e-01   2.260539e+00   1.382971e-01   5.225193e-01   2.988963e-01   1.842089e-01   3.343332e-01   4.468444e-01   6.268894e-01   1.202940e+00   3.696841e+00   9.218924e-01   1.355239e-02   2.919375e+00   1.961643e+00   2.154431e-01   3.889283e-01   5.167114e-01   7.161617e-01   1.317914e+00   3.785674e+00   1.010005e+00   8.894369e-02
        13301   4.679717e-01   3.487124e+00   1.617846e-01   5.097945e-01   1.534225e-01   1.011007e-01   2.289234e+00   1.492504e-01   5.465018e-01   3.099098e-01   1.815010e-01   3.295430e-01   4.406492e-01   6.188746e-01   1.193111e+00   3.695420e+00   9.143600e-01   1.368673e-02   2.940415e+00   1.979324e+00   2.149792e-01   3.882708e-01   5.160544e-01   7.157344e-01   1.319156e+00   3.793228e+00   1.010956e+00   8.741402e-02
        14288   5.123092e-01   3.536902e+00   1.613577e-01   5.048903e-01   1.533501e-01   9.959645e-02   2.321529e+00   1.608289e-01   5.731774e-01   3.222809e-01   1.786636e-01   3.245024e-01   4.340990e-01   6.103169e-01   1.182378e+00   3.693779e+00   9.061349e-01   1.382625e-02   2.963498e+00   1.999248e+00   2.144754e-01   3.875570e-01   5.153411e-01   7.152703e-01   1.320510e+00   3.801473e+00   1.011994e+00   8.577021e-02
        15324   5.607589e-01   3.592093e+00   1.608978e-01   4.996359e-01   1.532687e-01   9.801496e-02   2.357505e+00   1.730148e-01   6.029331e-01   3.361554e-01   1.756936e-01   3.192033e-01   4.271822e-01   6.012011e-01   1.170655e+00   3.691883e+00   8.971508e-01   1.397590e-02   2.988912e+00   2.021350e+00   2.139268e-01   3.867799e-01   5.145651e-01   7.147664e-01   1.321991e+00   3.810485e+00   1.013129e+00   8.403906e-02
        15994   5.931894e-01   3.629510e+00   1.605937e-01   4.961767e-01   1.532032e-01   9.694892e-02   2.380976e+00   1.808587e-01   6.231988e-01   3.456579e-01   1.737776e-01   3.157721e-01   4.226855e-01   5.952324e-01   1.162818e+00   3.690554e+00   8.911444e-01   1.407454e-02   3.006048e+00   2.035319e+00   2.135604e-01   3.862607e-01   5.140465e-01   7.144301e-01   1.322981e+00   3.816517e+00   1.013888e+00   8.287438e-02
        16408   6.136773e-01   3.653337e+00   1.604029e-01   4.940203e-01   1.531615e-01   9.629354e-02   2.395984e+00   1.857096e-01   6.361410e-01   3.517458e-01   1.725959e-01   3.136519e-01   4.198999e-01   5.915158e-01   1.157871e+00   3.689691e+00   8.873534e-01   1.413651e-02   3.016923e+00   2.044238e+00   2.133293e-01   3.859333e-01   5.137194e-01   7.142179e-01   1.323607e+00   3.820328e+00   1.014368e+00   8.215703e-02
        17538   6.714160e-01   3.721302e+00   1.598706e-01   4.880279e-01   1.530435e-01   9.450342e-02   2.439129e+00   1.989590e-01   6.732011e-01   3.692674e-01   1.693786e-01   3.078643e-01   4.122744e-01   5.812705e-01   1.143953e+00   3.687161e+00   8.766868e-01   1.430717e-02   3.047802e+00   2.069862e+00   2.126792e-01   3.850127e-01   5.128002e-01   7.136214e-01   1.325372e+00   3.831068e+00   1.015720e+00   8.019625e-02
        18714   7.344714e-01   3.796991e+00   1.593000e-01   4.814254e-01   1.529208e-01   9.255545e-02   2.488492e+00   2.127595e-01   7.146795e-01   3.891797e-01   1.660415e-01   3.018383e-01   4.043008e-01   5.704648e-01   1.128802e+00   3.684237e+00   8.650757e-01   1.447491e-02   3.081983e+00   2.099313e+00   2.119698e-01   3.840082e-01   5.117975e-01   7.129718e-01   1.327297e+00   3.842797e+00   1.017196e+00   7.808054e-02
        19936   8.034106e-01   3.881459e+00   1.586866e-01   4.744303e-01   1.527789e-01   9.051436e-02   2.542854e+00   2.270125e-01   7.611954e-01   4.114190e-01   1.625888e-01   2.955833e-01   3.959891e-01   5.590907e-01   1.112326e+00   3.680855e+00   8.524494e-01   1.464470e-02   3.119903e+00   2.131435e+00   2.111951e-01   3.829115e-01   5.107026e-01   7.122624e-01   1.329401e+00   3.855622e+00   1.018808e+00   7.586966e-02
        21203   8.788014e-01   3.976029e+00   1.580298e-01   4.670120e-01   1.526079e-01   8.835995e-02   2.602511e+00   2.416205e-01   8.135000e-01   4.365160e-01   1.590236e-01   2.891051e-01   3.873511e-01   5.471718e-01   1.094434e+00   3.676943e+00   8.387375e-01   1.482051e-02   3.162132e+00   2.165995e+00   2.103471e-01   3.817113e-01   5.095053e-01   7.114869e-01   1.331702e+00   3.869647e+00   1.020572e+00   7.353945e-02
        21414   8.917588e-01   3.992518e+00   1.579183e-01   4.657502e-01   1.525791e-01   8.799968e-02   2.613023e+00   2.440407e-01   8.226403e-01   4.409319e-01   1.584315e-01   2.880275e-01   3.859108e-01   5.451753e-01   1.091373e+00   3.676249e+00   8.363917e-01   1.484942e-02   3.169475e+00   2.172091e+00   2.102011e-01   3.815048e-01   5.092992e-01   7.113534e-01   1.332097e+00   3.872057e+00   1.020874e+00   7.315026e-02
        22516   9.613131e-01   4.082174e+00   1.573258e-01   4.589100e-01   1.524282e-01   8.605657e-02   2.671300e+00   2.566353e-01   8.724465e-01   4.652785e-01   1.553515e-01   2.824159e-01   3.784000e-01   5.347152e-01   1.075036e+00   3.672414e+00   8.238716e-01   1.498906e-02   3.209292e+00   2.206021e+00   2.094178e-01   3.803962e-01   5.081927e-01   7.106367e-01   1.334218e+00   3.884995e+00   1.022500e+00   7.106751e-02
        23881   1.051823e+00   4.201977e+00   1.565723e-01   4.502937e-01   1.522157e-01   8.364014e-02   2.748199e+00   2.718999e-01   9.392199e-01   4.981428e-01   1.515691e-01   2.755119e-01   3.691378e-01   5.217342e-01   1.054025e+00   3.667166e+00   8.077689e-01   1.516074e-02   3.262276e+00   2.250057e+00   2.083952e-01   3.789496e-01   5.067499e-01   7.097016e-01   1.336977e+00   3.901832e+00   1.024614e+00   6.847940e-02
        25303   1.151237e+00   4.337687e+00   1.557652e-01   4.410745e-01   1.519705e-01   8.109388e-02   2.835133e+00   2.873562e-01   1.015124e+00   5.359376e-01   1.476807e-01   2.684031e-01   3.595768e-01   5.082414e-01   1.031316e+00   3.661079e+00   7.903655e-01   1.532953e-02   3.322032e+00   2.299196e+00   2.072683e-01   3.773551e-01   5.051587e-01   7.086698e-01   1.340006e+00   3.920325e+00   1.026935e+00   6.576435e-02
        25838   1.189996e+00   4.391826e+00   1.554566e-01   4.374929e-01   1.518777e-01   8.012173e-02   2.870506e+00   2.930615e-01   1.045470e+00   5.512246e-01   1.462326e-01   2.657540e-01   3.560102e-01   5.031901e-01   1.022579e+00   3.658617e+00   7.836700e-01   1.538581e-02   3.345804e+00   2.319281e+00   2.068275e-01   3.767316e-01   5.045368e-01   7.082661e-01   1.341186e+00   3.927534e+00   1.027840e+00   6.473591e-02
        26790   1.260778e+00   4.492568e+00   1.549025e-01   4.310936e-01   1.517030e-01   7.840306e-02   2.935888e+00   3.029857e-01   1.102020e+00   5.798204e-01   1.436779e-01   2.610775e-01   3.497086e-01   4.942453e-01   1.006803e+00   3.654001e+00   7.715801e-01   1.548414e-02   3.389959e+00   2.356067e+00   2.060195e-01   3.755883e-01   5.033964e-01   7.075257e-01   1.343341e+00   3.940701e+00   1.029491e+00   6.291892e-02
        28352   1.381914e+00   4.670470e+00   1.539768e-01   4.204918e-01   1.513790e-01   7.558097e-02   3.049728e+00   3.186100e-01   1.202163e+00   6.308445e-01   1.395567e-01   2.535315e-01   3.395308e-01   4.797403e-01   9.803992e-01   3.645757e+00   7.513449e-01   1.563413e-02   3.467652e+00   2.418884e+00   2.046314e-01   3.736242e-01   5.014362e-01   7.062516e-01   1.347029e+00   3.963235e+00   1.032318e+00   5.994684e-02
        29647   1.487120e+00   4.831119e+00   1.532001e-01   4.114323e-01   1.511102e-01   7.323983e-02   3.154812e+00   3.310116e-01   1.292836e+00   6.776872e-01   1.362020e-01   2.473880e-01   3.312398e-01   4.678961e-01   9.581095e-01   3.638256e+00   7.342628e-01   1.573269e-02   3.537568e+00   2.477125e+00   2.034169e-01   3.719050e-01   4.997205e-01   7.051352e-01   1.350231e+00   3.982805e+00   1.034772e+00   5.750714e-02
        29998   1.516351e+00   4.876747e+00   1.529878e-01   4.089839e-01   1.510264e-01   7.260125e-02   3.183806e+00   3.342445e-01   1.318637e+00   6.910548e-01   1.353045e-01   2.457446e-01   3.290216e-01   4.647211e-01   9.520288e-01   3.636117e+00   7.296028e-01   1.575832e-02   3.557378e+00   2.492751e+00   2.030786e-01   3.714259e-01   4.992419e-01   7.048235e-01   1.351121e+00   3.988243e+00   1.035454e+00   5.684293e-02
        31744   1.666443e+00   5.118448e+00   1.519264e-01   3.966426e-01   1.506154e-01   6.946120e-02   3.339377e+00   3.497283e-01   1.455606e+00   7.622446e-01   1.309045e-01   2.376912e-01   3.181537e-01   4.491626e-01   9.216077e-01   3.624796e+00   7.062891e-01   1.585518e-02   3.662020e+00   2.577132e+00   2.013319e-01   3.689532e-01   4.967738e-01   7.032145e-01   1.355694e+00   4.016168e+00   1.038959e+00   5.360602e-02
        33037   1.782639e+00   5.314320e+00   1.511350e-01   3.873860e-01   1.502958e-01   6.716595e-02   3.466080e+00   3.604938e-01   1.566983e+00   8.207672e-01   1.277163e-01   2.318596e-01   3.102857e-01   4.378885e-01   8.989969e-01   3.615652e+00   6.889609e-01   1.590488e-02   3.746442e+00   2.645313e+00   1.999701e-01   3.670234e-01   4.948457e-01   7.019560e-01   1.359237e+00   4.037789e+00   1.041674e+00   5.126106e-02
        33415   1.817362e+00   5.374375e+00   1.509032e-01   3.846931e-01   1.501952e-01   6.650272e-02   3.504430e+00   3.635078e-01   1.601203e+00   8.387896e-01   1.267972e-01   2.301793e-01   3.080199e-01   4.346431e-01   8.924024e-01   3.612857e+00   6.839071e-01   1.591751e-02   3.772253e+00   2.665640e+00   1.995618e-01   3.664451e-01   4.942682e-01   7.015788e-01   1.360298e+00   4.044251e+00   1.042487e+00   5.058521e-02
        35005   1.967584e+00   5.643155e+00   1.499319e-01   3.731539e-01   1.497820e-01   6.372335e-02   3.679221e+00   3.756876e-01   1.754708e+00   9.204980e-01   1.229760e-01   2.231982e-01   2.986109e-01   4.211744e-01   8.647306e-01   3.600473e+00   6.627004e-01   1.594284e-02   3.887426e+00   2.758723e+00   1.977837e-01   3.639246e-01   4.917506e-01   6.999342e-01   1.364889e+00   4.072213e+00   1.046005e+00   4.778052e-02
        36112   2.076009e+00   5.845941e+00   1.492529e-01   3.651384e-01   1.494656e-01   6.181906e-02   3.809527e+00   3.835971e-01   1.870998e+00   9.827641e-01   1.203677e-01   2.184384e-01   2.922015e-01   4.120062e-01   8.456206e-01   3.591237e+00   6.480552e-01   1.594779e-02   3.973845e+00   2.826763e+00   1.964948e-01   3.620971e-01   4.899241e-01   6.987403e-01   1.368212e+00   4.092401e+00   1.048551e+00   4.587127e-02
        36527   2.117398e+00   5.925477e+00   1.489998e-01   3.621515e-01   1.493455e-01   6.112287e-02   3.860593e+00   3.864421e-01   1.916709e+00   1.007280e+00   1.194012e-01   2.166758e-01   2.898296e-01   4.086175e-01   8.385173e-01   3.587660e+00   6.426114e-01   1.594777e-02   4.007638e+00   2.853313e+00   1.960009e-01   3.613968e-01   4.892247e-01   6.982836e-01   1.369484e+00   4.100111e+00   1.049526e+00   4.517510e-02
        37982   2.266243e+00   6.221942e+00   1.481203e-01   3.514494e-01   1.489351e-01   5.866677e-02   4.054386e+00   3.960135e-01   2.087577e+00   1.100029e+00   1.160449e-01   2.105593e-01   2.816046e-01   3.968784e-01   8.137924e-01   3.574500e+00   6.236630e-01   1.591737e-02   4.133120e+00   2.954356e+00   1.942132e-01   3.588600e-01   4.866894e-01   6.966272e-01   1.374061e+00   4.127838e+00   1.053034e+00   4.274940e-02
        38933   2.366548e+00   6.430584e+00   1.475438e-01   3.445289e-01   1.486359e-01   5.709248e-02   4.188158e+00   4.018378e-01   2.208395e+00   1.165761e+00   1.138865e-01   2.066306e-01   2.763275e-01   3.893594e-01   7.978573e-01   3.565418e+00   6.114509e-01   1.589152e-02   4.220862e+00   3.022397e+00   1.930057e-01   3.571467e-01   4.849776e-01   6.955100e-01   1.377161e+00   4.146535e+00   1.055410e+00   4.120096e-02
        39381   2.414532e+00   6.533236e+00   1.472752e-01   3.412554e-01   1.484981e-01   5.636115e-02   4.254638e+00   4.044819e-01   2.267983e+00   1.198356e+00   1.128794e-01   2.047986e-01   2.738683e-01   3.858601e-01   7.904328e-01   3.561018e+00   6.057611e-01   1.587461e-02   4.263885e+00   3.056282e+00   1.924256e-01   3.563236e-01   4.841557e-01   6.949744e-01   1.378648e+00   4.155483e+00   1.056549e+00   4.048654e-02
        40723   2.561598e+00   6.860062e+00   1.464822e-01   3.313637e-01   1.480920e-01   5.418976e-02   4.468107e+00   4.120426e-01   2.458345e+00   1.303254e+00   1.098857e-01   1.993568e-01   2.665694e-01   3.754888e-01   7.684285e-01   3.547285e+00   5.888977e-01   1.580603e-02   4.400218e+00   3.164853e+00   1.906369e-01   3.537838e-01   4.816180e-01   6.933215e-01   1.383214e+00   4.182912e+00   1.060049e+00   3.838373e-02
        41542   2.653835e+00   7.073888e+00   1.459952e-01   3.253958e-01   1.478201e-01   5.289333e-02   4.605603e+00   4.163643e-01   2.583554e+00   1.372292e+00   1.080811e-01   1.960806e-01   2.621800e-01   3.692633e-01   7.552069e-01   3.538520e+00   5.787651e-01   1.576017e-02   4.488747e+00   3.233311e+00   1.895147e-01   3.521912e-01   4.800280e-01   6.922887e-01   1.386098e+00   4.200131e+00   1.062259e+00   3.713315e-02
        42017   2.708095e+00   7.203329e+00   1.457164e-01   3.219048e-01   1.476684e-01   5.214298e-02   4.689587e+00   4.187852e-01   2.659560e+00   1.414302e+00   1.070419e-01   1.941948e-01   2.596552e-01   3.656871e-01   7.476213e-01   3.533301e+00   5.729518e-01   1.572546e-02   4.542130e+00   3.275285e+00   1.888520e-01   3.512507e-01   4.790897e-01   6.916805e-01   1.387800e+00   4.210264e+00   1.063563e+00   3.641751e-02
        43262   2.853124e+00   7.563771e+00   1.450036e-01   3.127401e-01   1.472820e-01   5.020945e-02   4.924430e+00   4.248062e-01   2.872004e+00   1.532225e+00   1.043363e-01   1.892885e-01   2.530910e-01   3.564044e-01   7.280079e-01   3.519157e+00   5.579207e-01   1.562255e-02   4.689980e+00   3.392205e+00   1.870686e-01   3.487182e-01   4.765628e-01   6.900453e-01   1.392362e+00   4.237357e+00   1.067059e+00   3.458690e-02
        43965   2.937060e+00   7.781293e+00   1.445980e-01   3.076177e-01   1.470433e-01   4.913882e-02   5.064214e+00   4.280121e-01   3.000950e+00   1.603818e+00   1.028216e-01   1.865451e-01   2.494248e-01   3.512295e-01   7.170927e-01   3.510861e+00   5.495557e-01   1.556209e-02   4.778464e+00   3.460396e+00   1.860372e-01   3.472549e-01   4.751034e-01   6.891044e-01   1.395022e+00   4.253054e+00   1.069098e+00   3.357674e-02
        44463   2.997365e+00   7.942002e+00   1.443121e-01   3.039637e-01   1.468772e-01   4.838438e-02   5.168459e+00   4.302145e-01   3.096532e+00   1.657160e+00   1.017541e-01   1.846125e-01   2.468435e-01   3.475906e-01   7.094364e-01   3.504845e+00   5.436881e-01   1.551346e-02   4.843524e+00   3.511299e+00   1.852950e-01   3.462022e-01   4.740550e-01   6.884312e-01   1.396944e+00   4.264340e+00   1.070571e+00   3.287093e-02
        45622   3.140186e+00   8.339251e+00   1.436653e-01   2.954521e-01   1.465040e-01   4.665908e-02   5.427453e+00   4.350744e-01   3.333807e+00   1.790162e+00   9.928455e-02   1.801444e-01   2.408799e-01   3.391964e-01   6.918726e-01   3.490436e+00   5.302278e-01   1.538978e-02   5.003328e+00   3.637290e+00   1.835261e-01   3.436926e-01   4.715569e-01   6.868324e-01   1.401514e+00   4.291080e+00   1.074073e+00   3.126929e-02
        46223   3.215821e+00   8.559567e+00   1.433388e-01   2.910690e-01   1.463026e-01   4.577806e-02   5.569174e+00   4.374300e-01   3.466044e+00   1.864341e+00   9.800800e-02   1.778363e-01   2.378014e-01   3.348706e-01   6.828769e-01   3.482715e+00   5.233339e-01   1.532470e-02   5.091310e+00   3.704832e+00   1.825837e-01   3.423555e-01   4.702261e-01   6.859828e-01   1.403946e+00   4.305249e+00   1.075937e+00   3.045336e-02
        46739   3.281678e+00   8.756338e+00   1.430526e-01   2.873005e-01   1.461255e-01   4.502977e-02   5.696549e+00   4.394177e-01   3.584672e+00   1.931066e+00   9.691726e-02   1.758657e-01   2.351757e-01   3.311863e-01   6.752223e-01   3.475950e+00   5.174676e-01   1.526459e-02   5.169367e+00   3.765483e+00   1.817663e-01   3.411979e-01   4.690760e-01   6.852527e-01   1.406081e+00   4.317600e+00   1.077573e+00   2.976518e-02
        47819   3.422059e+00   9.194294e+00   1.424627e-01   2.793699e-01   1.457667e-01   4.348235e-02   5.982674e+00   4.433904e-01   3.850034e+00   2.081212e+00   9.464351e-02   1.717605e-01   2.297086e-01   3.235252e-01   6.594003e-01   3.461401e+00   5.053422e-01   1.512635e-02   5.341769e+00   3.901462e+00   1.800179e-01   3.387221e-01   4.666200e-01   6.837046e-01   1.410664e+00   4.343954e+00   1.081086e+00   2.835601e-02
        48332   3.489861e+00   9.415767e+00   1.421922e-01   2.756198e-01   1.455885e-01   4.275091e-02   6.125410e+00   4.451449e-01   3.984872e+00   2.157683e+00   9.356690e-02   1.698176e-01   2.271226e-01   3.199062e-01   6.519789e-01   3.454305e+00   4.996547e-01   1.505906e-02   5.428305e+00   3.967727e+00   1.791681e-01   3.375185e-01   4.654269e-01   6.829558e-01   1.412890e+00   4.356690e+00   1.082791e+00   2.769185e-02
        48861   3.560615e+00   9.654260e+00   1.419201e-01   2.717662e-01   1.454133e-01   4.201478e-02   6.279670e+00   4.468970e-01   4.130557e+00   2.240366e+00   9.245709e-02   1.678153e-01   2.244584e-01   3.161811e-01   6.443748e-01   3.446859e+00   4.938271e-01   1.498940e-02   5.521005e+00   4.039304e+00   1.782772e-01   3.362568e-01   4.641766e-01   6.821730e-01   1.415222e+00   4.369987e+00   1.084578e+00   2.702538e-02
        49868   3.698032e+00   1.013713e+01   1.413902e-01   2.643248e-01   1.450722e-01   4.060581e-02   6.596226e+00   4.501652e-01   4.427460e+00   2.410309e+00   9.034977e-02   1.640169e-01   2.194102e-01   3.091377e-01   6.300476e-01   3.432311e+00   4.828472e-01   1.483766e-02   5.706749e+00   4.185918e+00   1.765529e-01   3.338224e-01   4.617717e-01   6.806834e-01   1.419806e+00   4.395857e+00   1.088091e+00   2.576815e-02
        50301   3.758140e+00   1.035770e+01   1.411653e-01   2.611477e-01   1.449172e-01   4.000742e-02   6.739116e+00   4.514845e-01   4.563792e+00   2.488396e+00   8.944454e-02   1.623863e-01   2.172441e-01   3.061184e-01   6.239439e-01   3.425890e+00   4.781696e-01   1.477260e-02   5.790891e+00   4.250721e+00   1.757965e-01   3.327547e-01   4.607189e-01   6.800365e-01   1.421826e+00   4.407184e+00   1.089639e+00   2.523482e-02
        50841   3.833876e+00   1.064444e+01   1.408911e-01   2.572059e-01   1.447272e-01   3.927528e-02   6.924647e+00   4.530688e-01   4.741634e+00   2.590330e+00   8.831653e-02   1.603546e-01   2.145460e-01   3.023605e-01   6.163842e-01   3.417791e+00   4.723760e-01   1.469186e-02   5.899655e+00   4.334317e+00   1.748399e-01   3.314050e-01   4.593892e-01   6.792242e-01   1.424386e+00   4.421467e+00   1.091601e+00   2.458342e-02
        51780   3.967717e+00   1.117695e+01   1.404326e-01   2.502888e-01   1.444181e-01   3.801234e-02   7.273133e+00   4.557117e-01   5.073742e+00   2.782072e+00   8.635415e-02   1.568214e-01   2.098558e-01   2.958353e-01   6.033412e-01   3.403351e+00   4.623804e-01   1.454023e-02   6.099804e+00   4.491061e+00   1.731394e-01   3.290069e-01   4.570300e-01   6.777911e-01   1.428941e+00   4.446727e+00   1.095092e+00   2.347210e-02
        52141   4.020029e+00   1.139360e+01   1.402535e-01   2.476306e-01   1.442999e-01   3.753246e-02   7.415074e+00   4.567070e-01   5.209674e+00   2.860283e+00   8.559989e-02   1.554643e-01   2.080557e-01   2.933361e-01   5.983656e-01   3.397693e+00   4.585672e-01   1.447773e-02   6.180423e+00   4.554791e+00   1.724760e-01   3.280748e-01   4.561163e-01   6.772426e-01   1.430741e+00   4.456617e+00   1.096472e+00   2.305473e-02
        52688   4.100219e+00   1.173603e+01   1.399818e-01   2.436131e-01   1.441050e-01   3.679741e-02   7.635481e+00   4.581426e-01   5.425372e+00   2.983853e+00   8.445560e-02   1.534064e-01   2.053280e-01   2.895519e-01   5.908629e-01   3.389001e+00   4.528174e-01   1.437998e-02   6.306990e+00   4.651628e+00   1.714581e-01   3.266462e-01   4.547183e-01   6.764109e-01   1.433523e+00   4.471794e+00   1.098603e+00   2.241743e-02
        53570   4.230812e+00   1.232292e+01   1.395594e-01   2.371598e-01   1.438134e-01   3.564257e-02   8.016176e+00   4.603443e-01   5.797175e+00   3.197681e+00   8.261932e-02   1.501054e-01   2.009535e-01   2.834869e-01   5.789189e-01   3.374755e+00   4.436639e-01   1.421795e-02   6.521782e+00   4.818495e+00   1.697920e-01   3.243085e-01   4.524355e-01   6.750667e-01   1.438090e+00   4.496536e+00   1.102104e+00   2.142463e-02
        53872   4.275618e+00   1.253323e+01   1.394217e-01   2.349652e-01   1.437217e-01   3.525657e-02   8.153625e+00   4.610637e-01   5.931052e+00   3.274986e+00   8.199619e-02   1.489854e-01   1.994695e-01   2.814307e-01   5.748917e-01   3.369855e+00   4.405776e-01   1.416116e-02   6.598120e+00   4.878638e+00   1.692173e-01   3.235026e-01   4.516498e-01   6.746077e-01   1.439669e+00   4.505033e+00   1.103314e+00   2.109541e-02
        54436   4.359341e+00   1.293924e+01   1.391737e-01   2.309161e-01   1.435494e-01   3.454786e-02   8.417437e+00   4.623426e-01   6.190446e+00   3.424844e+00   8.084067e-02   1.469086e-01   1.967185e-01   2.776214e-01   5.674567e-01   3.360650e+00   4.348797e-01   1.405666e-02   6.744536e+00   4.992593e+00   1.681395e-01   3.219925e-01   4.501796e-01   6.737532e-01   1.442633e+00   4.520920e+00   1.105586e+00   2.049120e-02
        55293   4.486348e+00   1.358660e+01   1.387946e-01   2.248831e-01   1.432677e-01   3.349761e-02   8.836178e+00   4.641872e-01   6.607003e+00   3.665930e+00   7.911449e-02   1.438084e-01   1.926154e-01   2.719519e-01   5.564545e-01   3.346688e+00   4.264479e-01   1.389740e-02   6.975010e+00   5.170248e+00   1.665073e-01   3.197174e-01   4.479769e-01   6.724984e-01   1.447199e+00   4.545077e+00   1.109085e+00   1.960021e-02
        55548   4.524078e+00   1.378705e+01   1.386839e-01   2.230807e-01   1.431867e-01   3.318383e-02   8.967302e+00   4.647174e-01   6.736627e+00   3.741588e+00   7.860681e-02   1.428971e-01   1.914100e-01   2.702878e-01   5.532410e-01   3.342533e+00   4.239853e-01   1.384588e-02   7.045727e+00   5.225714e+00   1.660212e-01   3.190412e-01   4.473240e-01   6.721318e-01   1.448569e+00   4.552263e+00   1.110135e+00   1.933795e-02
        56138   4.611319e+00   1.426601e+01   1.384361e-01   2.189655e-01   1.430113e-01   3.248061e-02   9.281506e+00   4.659007e-01   7.047466e+00   3.923126e+00   7.744082e-02   1.408045e-01   1.886424e-01   2.664674e-01   5.458884e-01   3.332891e+00   4.183505e-01   1.372897e-02   7.213606e+00   5.358381e+00   1.648935e-01   3.174726e-01   4.458117e-01   6.712886e-01   1.451753e+00   4.568890e+00   1.112574e+00   1.875164e-02
        56970   4.734150e+00   1.497951e+01   1.381099e-01   2.132865e-01   1.427582e-01   3.151551e-02   9.744403e+00   4.674206e-01   7.513344e+00   4.195556e+00   7.581607e-02   1.378886e-01   1.847861e-01   2.611472e-01   5.357075e-01   3.319300e+00   4.105482e-01   1.356934e-02   7.460859e+00   5.548847e+00   1.632949e-01   3.152517e-01   4.436766e-01   6.701136e-01   1.456279e+00   4.592332e+00   1.116043e+00   1.794617e-02
        57179   4.764940e+00   1.516596e+01   1.380319e-01   2.118824e-01   1.426985e-01   3.128129e-02   9.865549e+00   4.677858e-01   7.635644e+00   4.267138e+00   7.541170e-02   1.371630e-01   1.838266e-01   2.598241e-01   5.331860e-01   3.315881e+00   4.086158e-01   1.353007e-02   7.524908e+00   5.598412e+00   1.628924e-01   3.146934e-01   4.431413e-01   6.698221e-01   1.457422e+00   4.598214e+00   1.116919e+00   1.775122e-02
        57793   4.855090e+00   1.572864e+01   1.377983e-01   2.077539e-01   1.425180e-01   3.059046e-02   1.023434e+01   4.688519e-01   8.006398e+00   4.485653e+00   7.423695e-02   1.350557e-01   1.810416e-01   2.559889e-01   5.259062e-01   3.305886e+00   4.030368e-01   1.340763e-02   7.716543e+00   5.748687e+00   1.617165e-01   3.130701e-01   4.415930e-01   6.689939e-01   1.460807e+00   4.615467e+00   1.119513e+00   1.718284e-02
        58609   4.974141e+00   1.651589e+01   1.374964e-01   2.023866e-01   1.422870e-01   2.969718e-02   1.074710e+01   4.701805e-01   8.528599e+00   4.791837e+00   7.270038e-02   1.323009e-01   1.774034e-01   2.509860e-01   5.164615e-01   3.292686e+00   3.957987e-01   1.324116e-02   7.981164e+00   5.955258e+00   1.601575e-01   3.109258e-01   4.395567e-01   6.679291e-01   1.465333e+00   4.638294e+00   1.122982e+00   1.645601e-02
        58776   4.998414e+00   1.668301e+01   1.374367e-01   2.013058e-01   1.422402e-01   2.951711e-02   1.085490e+01   4.704354e-01   8.639933e+00   4.856809e+00   7.238899e-02   1.317427e-01   1.766665e-01   2.499728e-01   5.145558e-01   3.289990e+00   3.943382e-01   1.320684e-02   8.036861e+00   5.998095e+00   1.598385e-01   3.104876e-01   4.391417e-01   6.677152e-01   1.466263e+00   4.642954e+00   1.123695e+00   1.631027e-02
        59415   5.091018e+00   1.734261e+01   1.372179e-01   1.972086e-01   1.420732e-01   2.884297e-02   1.128193e+01   4.713798e-01   9.080910e+00   5.114643e+00   7.120626e-02   1.296230e-01   1.738677e-01   2.461252e-01   5.073387e-01   3.279704e+00   3.888073e-01   1.307591e-02   8.255127e+00   6.167288e+00   1.586164e-01   3.088105e-01   4.375570e-01   6.669067e-01   1.469835e+00   4.660746e+00   1.126432e+00   1.576706e-02
        60211   5.205670e+00   1.821064e+01   1.369658e-01   1.921660e-01   1.418907e-01   2.802715e-02   1.184869e+01   4.724985e-01   9.665000e+00   5.457965e+00   6.975260e-02   1.270176e-01   1.704277e-01   2.413984e-01   4.985183e-01   3.266970e+00   3.820476e-01   1.291038e-02   8.538585e+00   6.390727e+00   1.570929e-01   3.067255e-01   4.355962e-01   6.659270e-01   1.474309e+00   4.682812e+00   1.129860e+00   1.511676e-02
        60336   5.223579e+00   1.835138e+01   1.369263e-01   1.913871e-01   1.418599e-01   2.790154e-02   1.194020e+01   4.726673e-01   9.760149e+00   5.513936e+00   6.952690e-02   1.266132e-01   1.698938e-01   2.406655e-01   4.971570e-01   3.264983e+00   3.810044e-01   1.288482e-02   8.584098e+00   6.426261e+00   1.568549e-01   3.064013e-01   4.352933e-01   6.657789e-01   1.475015e+00   4.686265e+00   1.130402e+00   1.501672e-02
        61001   5.318295e+00   1.912130e+01   1.367181e-01   1.872939e-01   1.416840e-01   2.723949e-02   1.243797e+01   4.735283e-01   1.028270e+01   5.821669e+00   6.833777e-02   1.244829e-01   1.670832e-01   2.368108e-01   4.900200e-01   3.254487e+00   3.755348e-01   1.274961e-02   8.831035e+00   6.616300e+00   1.555935e-01   3.046894e-01   4.336988e-01   6.650137e-01   1.478782e+00   4.704550e+00   1.133288e+00   1.448988e-02
        61785   5.428834e+00   2.007861e+01   1.364831e-01   1.825084e-01   1.414919e-01   2.647118e-02   1.306308e+01   4.744990e-01   1.093676e+01   6.209708e+00   6.695840e-02   1.220129e-01   1.638259e-01   2.323482e-01   4.817964e-01   3.242239e+00   3.692325e-01   1.258342e-02   9.133731e+00   6.853375e+00   1.541128e-01   3.026881e-01   4.318454e-01   6.641511e-01   1.483237e+00   4.725934e+00   1.136703e+00   1.388776e-02
        61871   5.440891e+00   2.018711e+01   1.364584e-01   1.819886e-01   1.414723e-01   2.638864e-02   1.313425e+01   4.746020e-01   1.101118e+01   6.253983e+00   6.680844e-02   1.217444e-01   1.634719e-01   2.318633e-01   4.809051e-01   3.240904e+00   3.685494e-01   1.256517e-02   9.167757e+00   6.880271e+00   1.539507e-01   3.024693e-01   4.316433e-01   6.640586e-01   1.483726e+00   4.728269e+00   1.137078e+00   1.382347e-02
        62560   5.537005e+00   2.108275e+01   1.362697e-01   1.778811e-01   1.413164e-01   2.574034e-02   1.371975e+01   4.753872e-01   1.162758e+01   6.621004e+00   6.561620e-02   1.196098e-01   1.606575e-01   2.280075e-01   4.738359e-01   3.230281e+00   3.631318e-01   1.242201e-02   9.446477e+00   7.098746e+00   1.526525e-01   3.007202e-01   4.300336e-01   6.633335e-01   1.487655e+00   4.746902e+00   1.140089e+00   1.331833e-02
        63328   5.643051e+00   2.213828e+01   1.360780e-01   1.734143e-01   1.411460e-01   2.504396e-02   1.440686e+01   4.761920e-01   1.235884e+01   7.057280e+00   6.430661e-02   1.172650e-01   1.575656e-01   2.237732e-01   4.661102e-01   3.218566e+00   3.572111e-01   1.226792e-02   9.770116e+00   7.349581e+00   1.512090e-01   2.987834e-01   4.282629e-01   6.625602e-01   1.492045e+00   4.767501e+00   1.143453e+00   1.277604e-02
        63376   5.649633e+00   2.220617e+01   1.360661e-01   1.731356e-01   1.411353e-01   2.500043e-02   1.445138e+01   4.762419e-01   1.240607e+01   7.085633e+00   6.422560e-02   1.171200e-01   1.573744e-01   2.235115e-01   4.656348e-01   3.217839e+00   3.568468e-01   1.225792e-02   9.790738e+00   7.365749e+00   1.511193e-01   2.986637e-01   4.281541e-01   6.625139e-01   1.492320e+00   4.768781e+00   1.143664e+00   1.274251e-02
        64092   5.747058e+00   2.324653e+01   1.358886e-01   1.690370e-01   1.409955e-01   2.435961e-02   1.513026e+01   4.769783e-01   1.313254e+01   7.517185e+00   6.302917e-02   1.149786e-01   1.545524e-01   2.196531e-01   4.586474e-01   3.207134e+00   3.514919e-01   1.210262e-02   1.010401e+01   7.613074e+00   1.497890e-01   2.968960e-01   4.265564e-01   6.618541e-01   1.496430e+00   4.787767e+00   1.146814e+00   1.225700e-02
        64850   5.848730e+00   2.440945e+01   1.357101e-01   1.648093e-01   1.408428e-01   2.370133e-02   1.588360e+01   4.776926e-01   1.395005e+01   8.002469e+00   6.178426e-02   1.127512e-01   1.516185e-01   2.156460e-01   4.514226e-01   3.195994e+00   3.459551e-01   1.194119e-02   1.044871e+01   7.881133e+00   1.483908e-01   2.950487e-01   4.248993e-01   6.611998e-01   1.500779e+00   4.807625e+00   1.150147e+00   1.176014e-02
        64861   5.850195e+00   2.442682e+01   1.357076e-01   1.647487e-01   1.408406e-01   2.369197e-02   1.589484e+01   4.777025e-01   1.396231e+01   8.009747e+00   6.176635e-02   1.127192e-01   1.515763e-01   2.155884e-01   4.513190e-01   3.195834e+00   3.458756e-01   1.193889e-02   1.045382e+01   7.885088e+00   1.483706e-01   2.950220e-01   4.248755e-01   6.611906e-01   1.500843e+00   4.807911e+00   1.150195e+00   1.175308e-02
        65602   5.948213e+00   2.563142e+01   1.355489e-01   1.607039e-01   1.407050e-01   2.307108e-02   1.667668e+01   4.783523e-01   1.481480e+01   8.517422e+00   6.056915e-02   1.105775e-01   1.487559e-01   2.117364e-01   4.444030e-01   3.185121e+00   3.405755e-01   1.178329e-02   1.080519e+01   8.159259e+00   1.470112e-01   2.932337e-01   4.232837e-01   6.605907e-01   1.505094e+00   4.827098e+00   1.153453e+00   1.128779e-02
        66322   6.042164e+00   2.687012e+01   1.354138e-01   1.568302e-01   1.405969e-01   2.248453e-02   1.748703e+01   4.789551e-01   1.569705e+01   9.045893e+00   5.942316e-02   1.085273e-01   1.460553e-01   2.080482e-01   4.378084e-01   3.174886e+00   3.355216e-01   1.163106e-02   1.116086e+01   8.441135e+00   1.456955e-01   2.915107e-01   4.217617e-01   6.600422e-01   1.509220e+00   4.845526e+00   1.156616e+00   1.085347e-02
        66347   6.045402e+00   2.691435e+01   1.354093e-01   1.566970e-01   1.405923e-01   2.246406e-02   1.751571e+01   4.789745e-01   1.572866e+01   9.064873e+00   5.938371e-02   1.084567e-01   1.459623e-01   2.079212e-01   4.375821e-01   3.174534e+00   3.353482e-01   1.162578e-02   1.117345e+01   8.450840e+00   1.456500e-01   2.914513e-01   4.217096e-01   6.600240e-01   1.509364e+00   4.846162e+00   1.156725e+00   1.083828e-02
        67088   6.140479e+00   2.826058e+01   1.352735e-01   1.528065e-01   1.404561e-01   2.187261e-02   1.839061e+01   4.795448e-01   1.669455e+01   9.645461e+00   5.822675e-02   1.063871e-01   1.432374e-01   2.042041e-01   4.309833e-01   3.164247e+00   3.302911e-01   1.147169e-02   1.155294e+01   8.745146e+00   1.443124e-01   2.897186e-01   4.201999e-01   6.595211e-01   1.513616e+00   4.864872e+00   1.159984e+00   1.040092e-02
        67766   6.225936e+00   2.955774e+01   1.351536e-01   1.493071e-01   1.403406e-01   2.134619e-02   1.923979e+01   4.800543e-01   1.763129e+01   1.021159e+01   5.718707e-02   1.045281e-01   1.407907e-01   2.008710e-01   4.250952e-01   3.155046e+00   3.257786e-01   1.132957e-02   1.191254e+01   9.028203e+00   1.431018e-01   2.881637e-01   4.188590e-01   6.591060e-01   1.517494e+00   4.881732e+00   1.162956e+00   1.001662e-02
        67825   6.233307e+00   2.967377e+01   1.351436e-01   1.490056e-01   1.403312e-01   2.130118e-02   1.931601e+01   4.800976e-01   1.771535e+01   1.026251e+01   5.709739e-02   1.043677e-01   1.405797e-01   2.005837e-01   4.245887e-01   3.154255e+00   3.253904e-01   1.131722e-02   1.194443e+01   9.053502e+00   1.429970e-01   2.880294e-01   4.187438e-01   6.590717e-01   1.517831e+00   4.883188e+00   1.163214e+00   9.983957e-03
        68557   6.323911e+00   3.115764e+01   1.350261e-01   1.453182e-01   1.402189e-01   2.075098e-02   2.028615e+01   4.806074e-01   1.879402e+01   1.091437e+01   5.599467e-02   1.023963e-01   1.379860e-01   1.970518e-01   4.183746e-01   3.144542e+00   3.206282e-01   1.116446e-02   1.234867e+01   9.371779e+00   1.417017e-01   2.863765e-01   4.173333e-01   6.586687e-01   1.522003e+00   4.901109e+00   1.166412e+00   9.586521e-03
        69192   6.401271e+00   3.251481e+01   1.349378e-01   1.422010e-01   1.401360e-01   2.028507e-02   2.116361e+01   4.810117e-01   1.978635e+01   1.150875e+01   5.505226e-02   1.007116e-01   1.357692e-01   1.940326e-01   4.130822e-01   3.136291e+00   3.165722e-01   1.103100e-02   1.271260e+01   9.654862e+00   1.405853e-01   2.849595e-01   4.161355e-01   6.583508e-01   1.525610e+00   4.916443e+00   1.169176e+00   9.254070e-03
        69284   6.412383e+00   3.271708e+01   1.349262e-01   1.417540e-01   1.401255e-01   2.021889e-02   2.129476e+01   4.810691e-01   1.993471e+01   1.159777e+01   5.491678e-02   1.004693e-01   1.354505e-01   1.935985e-01   4.123227e-01   3.135109e+00   3.159902e-01   1.101182e-02   1.276639e+01   9.696990e+00   1.404240e-01   2.847555e-01   4.159639e-01   6.583072e-01   1.526131e+00   4.918648e+00   1.169575e+00   9.207072e-03
        70006   6.498694e+00   3.435478e+01   1.348422e-01   1.382696e-01   1.400530e-01   1.970468e-02   2.236202e+01   4.815142e-01   2.114021e+01   1.232394e+01   5.386351e-02   9.858603e-02   1.329723e-01   1.902243e-01   4.064382e-01   3.125968e+00   3.114805e-01   1.085946e-02   1.319749e+01   1.003808e+01   1.391652e-01   2.831715e-01   4.146419e-01   6.579918e-01   1.530217e+00   4.935804e+00   1.172707e+00   8.845227e-03
        70600   6.568356e+00   3.576740e+01   1.347725e-01   1.354761e-01   1.399822e-01   1.929492e-02   2.327965e+01   4.818621e-01   2.218642e+01   1.295506e+01   5.301240e-02   9.706463e-02   1.309712e-01   1.875032e-01   4.017230e-01   3.118638e+00   3.078670e-01   1.073757e-02   1.356294e+01   1.032459e+01   1.381443e-01   2.819029e-01   4.135987e-01   6.577752e-01   1.533565e+00   4.949690e+00   1.175272e+00   8.557352e-03
        70725   6.582856e+00   3.607258e+01   1.347581e-01   1.348954e-01   1.399657e-01   1.920965e-02   2.347735e+01   4.819320e-01   2.241315e+01   1.309200e+01   5.283499e-02   9.674757e-02   1.305543e-01   1.869366e-01   4.007438e-01   3.117119e+00   3.071166e-01   1.071215e-02   1.364118e+01   1.038534e+01   1.379309e-01   2.816393e-01   4.133835e-01   6.577341e-01   1.534267e+00   4.952585e+00   1.175810e+00   8.497506e-03
        71441   6.664895e+00   3.787706e+01   1.346799e-01   1.315820e-01   1.398774e-01   1.872197e-02   2.465375e+01   4.823254e-01   2.375857e+01   1.390911e+01   5.182943e-02   9.495068e-02   1.281919e-01   1.837282e-01   3.952115e-01   3.108552e+00   3.028768e-01   1.056253e-02   1.409899e+01   1.074464e+01   1.367172e-01   2.801471e-01   4.121749e-01   6.575245e-01   1.538275e+00   4.968989e+00   1.178882e+00   8.159441e-03
        71996   6.727354e+00   3.934559e+01   1.346271e-01   1.290539e-01   1.398213e-01   1.835377e-02   2.561728e+01   4.826198e-01   2.485927e+01   1.458084e+01   5.106164e-02   9.357883e-02   1.263887e-01   1.812793e-01   3.910034e-01   3.102077e+00   2.996519e-01   1.044660e-02   1.446580e+01   1.103644e+01   1.357852e-01   2.790090e-01   4.112638e-01   6.573900e-01   1.541363e+00   4.981506e+00   1.181249e+00   7.907170e-03
        72153   6.744848e+00   3.977264e+01   1.346137e-01   1.283488e-01   1.398080e-01   1.825242e-02   2.589801e+01   4.827015e-01   2.518029e+01   1.477693e+01   5.084620e-02   9.319390e-02   1.258827e-01   1.805920e-01   3.898250e-01   3.100268e+00   2.987487e-01   1.041449e-02   1.457154e+01   1.112108e+01   1.355228e-01   2.786898e-01   4.110100e-01   6.573562e-01   1.542233e+00   4.985016e+00   1.181916e+00   7.837924e-03
        72860   6.822675e+00   4.176254e+01   1.345641e-01   1.252261e-01   1.397338e-01   1.780211e-02   2.719620e+01   4.830335e-01   2.668143e+01   1.569498e+01   4.988527e-02   9.147675e-02   1.236251e-01   1.775256e-01   3.845801e-01   3.092252e+00   2.947292e-01   1.027363e-02   1.505889e+01   1.150123e+01   1.343466e-01   2.772664e-01   4.098875e-01   6.572263e-01   1.546137e+00   5.000655e+00   1.184907e+00   7.528479e-03
        73374   6.878247e+00   4.328055e+01   1.345389e-01   1.229988e-01   1.397026e-01   1.748101e-02   2.818286e+01   4.832682e-01   2.783223e+01   1.639378e+01   4.919609e-02   9.024498e-02   1.220056e-01   1.753262e-01   3.808328e-01   3.086571e+00   2.918574e-01   1.016859e-02   1.542502e+01   1.178908e+01   1.334977e-01   2.762474e-01   4.090938e-01   6.571557e-01   1.548957e+00   5.011846e+00   1.187068e+00   7.312424e-03
        73563   6.898454e+00   4.385322e+01   1.345294e-01   1.221858e-01   1.396927e-01   1.736324e-02   2.855553e+01   4.833543e-01   2.826772e+01   1.665804e+01   4.894513e-02   8.979649e-02   1.214160e-01   1.745260e-01   3.794746e-01   3.084516e+00   2.908165e-01   1.012895e-02   1.556179e+01   1.189749e+01   1.331883e-01   2.758794e-01   4.088102e-01   6.571375e-01   1.549991e+00   5.015923e+00   1.187861e+00   7.234290e-03
        74264   6.972225e+00   4.604706e+01   1.344929e-01   1.192235e-01   1.396550e-01   1.693790e-02   2.998438e+01   4.836711e-01   2.994258e+01   1.767533e+01   4.802602e-02   8.815437e-02   1.192581e-01   1.716002e-01   3.745290e-01   3.077051e+00   2.870264e-01   9.984629e-03   1.607917e+01   1.230905e+01   1.320537e-01   2.745434e-01   4.077935e-01   6.571000e-01   1.553803e+00   5.030835e+00   1.190782e+00   6.953268e-03
        74742   7.021504e+00   4.761014e+01   1.344695e-01   1.172492e-01   1.396165e-01   1.665389e-02   3.099608e+01   4.838643e-01   3.114167e+01   1.840458e+01   4.740916e-02   8.705255e-02   1.178107e-01   1.696399e-01   3.712291e-01   3.072101e+00   2.844975e-01   9.888602e-03   1.644202e+01   1.259150e+01   1.312902e-01   2.736536e-01   4.071271e-01   6.570997e-01   1.556382e+00   5.040822e+00   1.192758e+00   6.765289e-03
        74963   7.044024e+00   4.835232e+01   1.344598e-01   1.163485e-01   1.396011e-01   1.652557e-02   3.147716e+01   4.839516e-01   3.171260e+01   1.875209e+01   4.712647e-02   8.654768e-02   1.171476e-01   1.687420e-01   3.697209e-01   3.069850e+00   2.833416e-01   9.844883e-03   1.661272e+01   1.272508e+01   1.309396e-01   2.732471e-01   4.068256e-01   6.571058e-01   1.557568e+00   5.045393e+00   1.193668e+00   6.680692e-03
        75658   7.113805e+00   5.077156e+01   1.344373e-01   1.135261e-01   1.395628e-01   1.612213e-02   3.305647e+01   4.842232e-01   3.358032e+01   1.989596e+01   4.624712e-02   8.497720e-02   1.150850e-01   1.659481e-01   3.650418e-01   3.062918e+00   2.797557e-01   9.703553e-03   1.716243e+01   1.316051e+01   1.298454e-01   2.719866e-01   4.059010e-01   6.571475e-01   1.561275e+00   5.059578e+00   1.196509e+00   6.418576e-03
        76098   7.157180e+00   5.237315e+01   1.344307e-01   1.117676e-01   1.395495e-01   1.587368e-02   3.410763e+01   4.843932e-01   3.482226e+01   2.065958e+01   4.569768e-02   8.399578e-02   1.137957e-01   1.642018e-01   3.621284e-01   3.058639e+00   2.775230e-01   9.614960e-03   1.752088e+01   1.344805e+01   1.291584e-01   2.712023e-01   4.053345e-01   6.571924e-01   1.563604e+00   5.068414e+00   1.198293e+00   6.258717e-03
        76349   7.181640e+00   5.331226e+01   1.344299e-01   1.107778e-01   1.395356e-01   1.573295e-02   3.471947e+01   4.844796e-01   3.555240e+01   2.110898e+01   4.538670e-02   8.344022e-02   1.130659e-01   1.632134e-01   3.604833e-01   3.056234e+00   2.762623e-01   9.565428e-03   1.772914e+01   1.361049e+01   1.287684e-01   2.707596e-01   4.050176e-01   6.572238e-01   1.564925e+00   5.073403e+00   1.199306e+00   6.167527e-03
        77036   7.247508e+00   5.598094e+01   1.344389e-01   1.081170e-01   1.395114e-01   1.536006e-02   3.646129e+01   4.847120e-01   3.763451e+01   2.239234e+01   4.454466e-02   8.193587e-02   1.110896e-01   1.605374e-01   3.560446e-01   3.049809e+00   2.728606e-01   9.433224e-03   1.831366e+01   1.406896e+01   1.277082e-01   2.695663e-01   4.041748e-01   6.573321e-01   1.568514e+00   5.086863e+00   1.202057e+00   5.926833e-03
        77439   7.285387e+00   5.761273e+01   1.344465e-01   1.065756e-01   1.395010e-01   1.514482e-02   3.753291e+01   4.848478e-01   3.891312e+01   2.318459e+01   4.405776e-02   8.106606e-02   1.099472e-01   1.589915e-01   3.534932e-01   3.046145e+00   2.709053e-01   9.355158e-03   1.866559e+01   1.434833e+01   1.270942e-01   2.688851e-01   4.037024e-01   6.574149e-01   1.570603e+00   5.094623e+00   1.203657e+00   5.789659e-03
        77721   7.311528e+00   5.878280e+01   1.344499e-01   1.055116e-01   1.395010e-01   1.499400e-02   3.829467e+01   4.849440e-01   3.983260e+01   2.374685e+01   4.372063e-02   8.046397e-02   1.091566e-01   1.579229e-01   3.517361e-01   3.043635e+00   2.695587e-01   9.297910e-03   1.891526e+01   1.454782e+01   1.266695e-01   2.684191e-01   4.033839e-01   6.574825e-01   1.572056e+00   5.099988e+00   1.204771e+00   5.696094e-03
        78405   7.373734e+00   6.172558e+01   1.344585e-01   1.029799e-01   1.394909e-01   1.463571e-02   4.020478e+01   4.851583e-01   4.215387e+01   2.516751e+01   4.291390e-02   7.902356e-02   1.072661e-01   1.553696e-01   3.475535e-01   3.037697e+00   2.663533e-01   9.161706e-03   1.953447e+01   1.503727e+01   1.256530e-01   2.673152e-01   4.026432e-01   6.576717e-01   1.575547e+00   5.112781e+00   1.207446e+00   5.474002e-03
        78773   7.406549e+00   6.337431e+01   1.344658e-01   1.016457e-01   1.394839e-01   1.444803e-02   4.127264e+01   4.852635e-01   4.345949e+01   2.596747e+01   4.248574e-02   7.825917e-02   1.062630e-01   1.540149e-01   3.453432e-01   3.034585e+00   2.646594e-01   9.090254e-03   1.987627e+01   1.530517e+01   1.251126e-01   2.667342e-01   4.022611e-01   6.577865e-01   1.577406e+00   5.119544e+00   1.208871e+00   5.357776e-03
        79086   7.434120e+00   6.481468e+01   1.344746e-01   1.005235e-01   1.394819e-01   1.429134e-02   4.220768e+01   4.853524e-01   4.460300e+01   2.666924e+01   4.212458e-02   7.761438e-02   1.054168e-01   1.528720e-01   3.434838e-01   3.031988e+00   2.632344e-01   9.030092e-03   2.017198e+01   1.553844e+01   1.246559e-01   2.662468e-01   4.019448e-01   6.578922e-01   1.578979e+00   5.125235e+00   1.210077e+00   5.261248e-03
        79763   7.492679e+00   6.805603e+01   1.345043e-01   9.812176e-02   1.394920e-01   1.395751e-02   4.432343e+01   4.855470e-01   4.718562e+01   2.826119e+01   4.135245e-02   7.623560e-02   1.036070e-01   1.504282e-01   3.395244e-01   3.026521e+00   2.602000e-01   8.899489e-03   2.082811e+01   1.606224e+01   1.236764e-01   2.652127e-01   4.012866e-01   6.581423e-01   1.582351e+00   5.137346e+00   1.212661e+00   5.058024e-03
        80096   7.520933e+00   6.971619e+01   1.345246e-01   9.695329e-02   1.394982e-01   1.379461e-02   4.540911e+01   4.856383e-01   4.851304e+01   2.908312e+01   4.097714e-02   7.556537e-02   1.027273e-01   1.492405e-01   3.376085e-01   3.023902e+00   2.587318e-01   8.835017e-03   2.115950e+01   1.632599e+01   1.231988e-01   2.647143e-01   4.009757e-01   6.582754e-01   1.583993e+00   5.143201e+00   1.213919e+00   4.959592e-03
        80437   7.549486e+00   7.146299e+01   1.345491e-01   9.577242e-02   1.395014e-01   1.363005e-02   4.654761e+01   4.857242e-01   4.991294e+01   2.995083e+01   4.059589e-02   7.488449e-02   1.018336e-01   1.480342e-01   3.356683e-01   3.021273e+00   2.572449e-01   8.770189e-03   2.150496e+01   1.659678e+01   1.227126e-01   2.642109e-01   4.006659e-01   6.584185e-01   1.585662e+00   5.149127e+00   1.215198e+00   4.859864e-03
        81107   7.604466e+00   7.503728e+01   1.346074e-01   9.349118e-02   1.395219e-01   1.331586e-02   4.888535e+01   4.858934e-01   5.278738e+01   3.173725e+01   3.985594e-02   7.356298e-02   1.000991e-01   1.456941e-01   3.319219e-01   3.016251e+00   2.543738e-01   8.644900e-03   2.220188e+01   1.714809e+01   1.217666e-01   2.632439e-01   4.000843e-01   6.587205e-01   1.588905e+00   5.160560e+00   1.217684e+00   4.670964e-03
        81406   7.628502e+00   7.669017e+01   1.346313e-01   9.248761e-02   1.395300e-01   1.317807e-02   4.997149e+01   4.859679e-01   5.412161e+01   3.256974e+01   3.953052e-02   7.298193e-02   9.933681e-02   1.446668e-01   3.302848e-01   3.014080e+00   2.531191e-01   8.589022e-03   2.251916e+01   1.740175e+01   1.213517e-01   2.628275e-01   3.998402e-01   6.588664e-01   1.590338e+00   5.165571e+00   1.218782e+00   4.589044e-03
        81777   7.657880e+00   7.879176e+01   1.346588e-01   9.125961e-02   1.395410e-01   1.301019e-02   5.135339e+01   4.860591e-01   5.582238e+01   3.363059e+01   3.913092e-02   7.226864e-02   9.840138e-02   1.434074e-01   3.282841e-01   3.011444e+00   2.515859e-01   8.520183e-03   2.291822e+01   1.772281e+01   1.208434e-01   2.623228e-01   3.995505e-01   6.590570e-01   1.592103e+00   5.171706e+00   1.220134e+00   4.490007e-03
        82446   7.709726e+00   8.273693e+01   1.347112e-01   8.909190e-02   1.395615e-01   1.270697e-02   5.390743e+01   4.861983e-01   5.902700e+01   3.560524e+01   3.842038e-02   7.100053e-02   9.673855e-02   1.411688e-01   3.247465e-01   3.006837e+00   2.488748e-01   8.392808e-03   2.365544e+01   1.830219e+01   1.199399e-01   2.614383e-01   3.990576e-01   6.594218e-01   1.595248e+00   5.182560e+00   1.222544e+00   4.314162e-03
        82712   7.729960e+00   8.436490e+01   1.347353e-01   8.824654e-02   1.395736e-01   1.259032e-02   5.496230e+01   4.862533e-01   6.035366e+01   3.642345e+01   3.814110e-02   7.050200e-02   9.608476e-02   1.402887e-01   3.233626e-01   3.005054e+00   2.478142e-01   8.343590e-03   2.395536e+01   1.853885e+01   1.195842e-01   2.610947e-01   3.988714e-01   6.595739e-01   1.596486e+00   5.186804e+00   1.223493e+00   4.246729e-03
        83112   7.759972e+00   8.687947e+01   1.347755e-01   8.698344e-02   1.395972e-01   1.241615e-02   5.659765e+01   4.863381e-01   6.240738e+01   3.769396e+01   3.772451e-02   6.975833e-02   9.510948e-02   1.389761e-01   3.213061e-01   3.002433e+00   2.462382e-01   8.269139e-03   2.441405e+01   1.890369e+01   1.190531e-01   2.605870e-01   3.986022e-01   6.598104e-01   1.598334e+00   5.193109e+00   1.224909e+00   4.147010e-03
        83774   7.808537e+00   9.122397e+01   1.348534e-01   8.493342e-02   1.396513e-01   1.213725e-02   5.943002e+01   4.864805e-01   6.596777e+01   3.990049e+01   3.704389e-02   6.854326e-02   9.351606e-02   1.368325e-01   3.179666e-01   2.998221e+00   2.436789e-01   8.148783e-03   2.519439e+01   1.952954e+01   1.181837e-01   2.597691e-01   3.981828e-01   6.602185e-01   1.601351e+00   5.203333e+00   1.227222e+00   3.988472e-03
        84006   7.825233e+00   9.280251e+01   1.348840e-01   8.422114e-02   1.396652e-01   1.203891e-02   6.045678e+01   4.865235e-01   6.726503e+01   4.070791e+01   3.680795e-02   6.812204e-02   9.296371e-02   1.360897e-01   3.168151e-01   2.996784e+00   2.427964e-01   8.106267e-03   2.547430e+01   1.974887e+01   1.178818e-01   2.594892e-01   3.980435e-01   6.603663e-01   1.602397e+00   5.206854e+00   1.228023e+00   3.932642e-03
        84433   7.855521e+00   9.578656e+01   1.349446e-01   8.292284e-02   1.396966e-01   1.186058e-02   6.240287e+01   4.866037e-01   6.972239e+01   4.224074e+01   3.637722e-02   6.735304e-02   9.195535e-02   1.347341e-01   3.147215e-01   2.994199e+00   2.411920e-01   8.028470e-03   2.599838e+01   2.016213e+01   1.173301e-01   2.589831e-01   3.977978e-01   6.606454e-01   1.604305e+00   5.213252e+00   1.229485e+00   3.832109e-03
        85090   7.901014e+00   1.005817e+02   1.350459e-01   8.095815e-02   1.397569e-01   1.159295e-02   6.554407e+01   4.867282e-01   7.368476e+01   4.472142e+01   3.572366e-02   6.618624e-02   9.042562e-02   1.326789e-01   3.115673e-01   2.990362e+00   2.387747e-01   7.909994e-03   2.682692e+01   2.082265e+01   1.164929e-01   2.582294e-01   3.974472e-01   6.610928e-01   1.607200e+00   5.222886e+00   1.231704e+00   3.682955e-03
        85290   7.914583e+00   1.020869e+02   1.350737e-01   8.036939e-02   1.397731e-01   1.151304e-02   6.653332e+01   4.867630e-01   7.493253e+01   4.550468e+01   3.552751e-02   6.583620e-02   8.996696e-02   1.320635e-01   3.106262e-01   2.989232e+00   2.380535e-01   7.874207e-03   2.708302e+01   2.102865e+01   1.162433e-01   2.580085e-01   3.973488e-01   6.612341e-01   1.608071e+00   5.225767e+00   1.232372e+00   3.638833e-03
        85747   7.945130e+00   1.056136e+02   1.351367e-01   7.904297e-02   1.398067e-01   1.133364e-02   6.884954e+01   4.868360e-01   7.786265e+01   4.734601e+01   3.508357e-02   6.504408e-02   8.892912e-02   1.306710e-01   3.085045e-01   2.986702e+00   2.364275e-01   7.793848e-03   2.767637e+01   2.150352e+01   1.156795e-01   2.575159e-01   3.971362e-01   6.615642e-01   1.610045e+00   5.232261e+00   1.233884e+00   3.539795e-03
        86402   7.987861e+00   1.108982e+02   1.352354e-01   7.718555e-02   1.398637e-01   1.107921e-02   7.228067e+01   4.869314e-01   8.226925e+01   5.008877e+01   3.445623e-02   6.392454e-02   8.746222e-02   1.287038e-01   3.055285e-01   2.983212e+00   2.341467e-01   7.677630e-03   2.854957e+01   2.219189e+01   1.148832e-01   2.568364e-01   3.968596e-01   6.620546e-01   1.612835e+00   5.241369e+00   1.236022e+00   3.401584e-03
        86570   7.998619e+00   1.122993e+02   1.352627e-01   7.671604e-02   1.398825e-01   1.101503e-02   7.318943e+01   4.869572e-01   8.344049e+01   5.081596e+01   3.429699e-02   6.364034e-02   8.708987e-02   1.282046e-01   3.047776e-01   2.982341e+00   2.335713e-01   7.647816e-03   2.877817e+01   2.237347e+01   1.146810e-01   2.566669e-01   3.967938e-01   6.621833e-01   1.613542e+00   5.243666e+00   1.236564e+00   3.367212e-03
        87054   8.029151e+00   1.164444e+02   1.353459e-01   7.537357e-02   1.399431e-01   1.083178e-02   7.588640e+01   4.870344e-01   8.691219e+01   5.297704e+01   3.384193e-02   6.282821e-02   8.602589e-02   1.267788e-01   3.026425e-01   2.979890e+00   2.319350e-01   7.561774e-03   2.944776e+01   2.290936e+01   1.141034e-01   2.561892e-01   3.966151e-01   6.625599e-01   1.615562e+00   5.250196e+00   1.238112e+00   3.270009e-03
        87704   8.069084e+00   1.222744e+02   1.354686e-01   7.361128e-02   1.400316e-01   1.059390e-02   7.967902e+01   4.871340e-01   9.181110e+01   5.603069e+01   3.323944e-02   6.175295e-02   8.461734e-02   1.248925e-01   2.998406e-01   2.976726e+00   2.297877e-01   7.449684e-03   3.037342e+01   2.364833e+01   1.133387e-01   2.555721e-01   3.964011e-01   6.630792e-01   1.618230e+00   5.258759e+00   1.240157e+00   3.144215e-03
        87840   8.077286e+00   1.235339e+02   1.354959e-01   7.324831e-02   1.400490e-01   1.054499e-02   8.049605e+01   4.871524e-01   9.287179e+01   5.669248e+01   3.311462e-02   6.153017e-02   8.432553e-02   1.245019e-01   2.992636e-01   2.976083e+00   2.293456e-01   7.426719e-03   3.057106e+01   2.380357e+01   1.131802e-01   2.554464e-01   3.963599e-01   6.631896e-01   1.618781e+00   5.260521e+00   1.240580e+00   3.118269e-03
        88351   8.107631e+00   1.283933e+02   1.356035e-01   7.188917e-02   1.401201e-01   1.036099e-02   8.366272e+01   4.872242e-01   9.697159e+01   5.926120e+01   3.264944e-02   6.069994e-02   8.323812e-02   1.230469e-01   2.971252e-01   2.973723e+00   2.277067e-01   7.339044e-03   3.132609e+01   2.440152e+01   1.125896e-01   2.549852e-01   3.962166e-01   6.636101e-01   1.620834e+00   5.267049e+00   1.242153e+00   3.021941e-03
        88997   8.144933e+00   1.348222e+02   1.357414e-01   7.019456e-02   1.402157e-01   1.013147e-02   8.787864e+01   4.873091e-01   1.024148e+02   6.269058e+01   3.207087e-02   5.966751e-02   8.188625e-02   1.212393e-01   2.944890e-01   2.970865e+00   2.256865e-01   7.227554e-03   3.230576e+01   2.518805e+01   1.118581e-01   2.544284e-01   3.960615e-01   6.641542e-01   1.623384e+00   5.275096e+00   1.244107e+00   2.903913e-03
        89102   8.150888e+00   1.358966e+02   1.357628e-01   6.992369e-02   1.402310e-01   1.009509e-02   8.858461e+01   4.873216e-01   1.033268e+02   6.326602e+01   3.197794e-02   5.950170e-02   8.166917e-02   1.209492e-01   2.940679e-01   2.970414e+00   2.253637e-01   7.209783e-03   3.246711e+01   2.531860e+01   1.117413e-01   2.543412e-01   3.960395e-01   6.642445e-01   1.623794e+00   5.276384e+00   1.244421e+00   2.885302e-03
        89642   8.181046e+00   1.415675e+02   1.358768e-01   6.854917e-02   1.403020e-01   9.910490e-03   9.230170e+01   4.873789e-01   1.081499e+02   6.631246e+01   3.150405e-02   5.865619e-02   8.056236e-02   1.194708e-01   2.919312e-01   2.968148e+00   2.237262e-01   7.120010e-03   3.330943e+01   2.598924e+01   1.111472e-01   2.539050e-01   3.959380e-01   6.647141e-01   1.625884e+00   5.282915e+00   1.246023e+00   2.790481e-03
        90285   8.215941e+00   1.486509e+02   1.360213e-01   6.695052e-02   1.403980e-01   9.695403e-03   9.692266e+01   4.874466e-01   1.141945e+02   7.011482e+01   3.094845e-02   5.766490e-02   7.926495e-02   1.177394e-01   2.894518e-01   2.965570e+00   2.218261e-01   7.013751e-03   3.434137e+01   2.680784e+01   1.104529e-01   2.534123e-01   3.958427e-01   6.652845e-01   1.628327e+00   5.290492e+00   1.247895e+00   2.681652e-03
        90359   8.219886e+00   1.494902e+02   1.360387e-01   6.676810e-02   1.404113e-01   9.670471e-03   9.746793e+01   4.874551e-01   1.149121e+02   7.056342e+01   3.088510e-02   5.755188e-02   7.911703e-02   1.175421e-01   2.891709e-01   2.965282e+00   2.216108e-01   7.001087e-03   3.446226e+01   2.690451e+01   1.103738e-01   2.533574e-01   3.958334e-01   6.653508e-01   1.628605e+00   5.291351e+00   1.248108e+00   2.669384e-03
        90926   8.249639e+00   1.560921e+02   1.361766e-01   6.538861e-02   1.405211e-01   9.483612e-03   1.017627e+02   4.875232e-01   1.205663e+02   7.410095e+01   3.040368e-02   5.669294e-02   7.799308e-02   1.160438e-01   2.870493e-01   2.963124e+00   2.199849e-01   6.905718e-03   3.540349e+01   2.766178e+01   1.097739e-01   2.529487e-01   3.957729e-01   6.658628e-01   1.630713e+00   5.297832e+00   1.249723e+00   2.577894e-03
        91564   8.282119e+00   1.638970e+02   1.363426e-01   6.387403e-02   1.406447e-01   9.280037e-03   1.068312e+02   4.875909e-01   1.272717e+02   7.830208e+01   2.987034e-02   5.574138e-02   7.674814e-02   1.143857e-01   2.847275e-01   2.960805e+00   2.182055e-01   6.801817e-03   3.649518e+01   2.852911e+01   1.091109e-01   2.525142e-01   3.957284e-01   6.664478e-01   1.633037e+00   5.304929e+00   1.251505e+00   2.478220e-03
        91608   8.284320e+00   1.644504e+02   1.363544e-01   6.377101e-02   1.406532e-01   9.266255e-03   1.071903e+02   4.875952e-01   1.277480e+02   7.860076e+01   2.983388e-02   5.567633e-02   7.666305e-02   1.142724e-01   2.845699e-01   2.960649e+00   2.180848e-01   6.794781e-03   3.657177e+01   2.858956e+01   1.090657e-01   2.524852e-01   3.957263e-01   6.664884e-01   1.633196e+00   5.305410e+00   1.251626e+00   2.471474e-03
        92200   8.313463e+00   1.720940e+02   1.365185e-01   6.239567e-02   1.407749e-01   9.082368e-03   1.121649e+02   4.876547e-01   1.343371e+02   8.274332e+01   2.934743e-02   5.480844e-02   7.552778e-02   1.127618e-01   2.824809e-01   2.958608e+00   2.164839e-01   6.700003e-03   3.761859e+01   2.942160e+01   1.084627e-01   2.521068e-01   3.957075e-01   6.670388e-01   1.635305e+00   5.311798e+00   1.253243e+00   2.382365e-03
        92836   8.343819e+00   1.807095e+02   1.366935e-01   6.093568e-02   1.409080e-01   8.885799e-03   1.178156e+02   4.877100e-01   1.417912e+02   8.746244e+01   2.883410e-02   5.389270e-02   7.433016e-02   1.111692e-01   2.803019e-01   2.956525e+00   2.148139e-01   6.596528e-03   3.877124e+01   3.035313e+01   1.078317e-01   2.517266e-01   3.957109e-01   6.676386e-01   1.637526e+00   5.318472e+00   1.254945e+00   2.289272e-03
        92850   8.344477e+00   1.809041e+02   1.366974e-01   6.090399e-02   1.409111e-01   8.881567e-03   1.179434e+02   4.877113e-01   1.419599e+02   8.756935e+01   2.882291e-02   5.387273e-02   7.430404e-02   1.111345e-01   2.802547e-01   2.956480e+00   2.147777e-01   6.594290e-03   3.879698e+01   3.037407e+01   1.078180e-01   2.517185e-01   3.957112e-01   6.676519e-01   1.637575e+00   5.318617e+00   1.254982e+00   2.287278e-03
        93470   8.373116e+00   1.897478e+02   1.368743e-01   5.951867e-02   1.410328e-01   8.696151e-03   1.237339e+02   4.877544e-01   1.496377e+02   9.244117e+01   2.833124e-02   5.299571e-02   7.315743e-02   1.096117e-01   2.781953e-01   2.954555e+00   2.131995e-01   6.496865e-03   3.995376e+01   3.129272e+01   1.072188e-01   2.513744e-01   3.957380e-01   6.682450e-01   1.639695e+00   5.324935e+00   1.256607e+00   2.199286e-03
        94087   8.400714e+00   1.990042e+02   1.370590e-01   5.817185e-02   1.411646e-01   8.517433e-03   1.298050e+02   4.878013e-01   1.576988e+02   9.756602e+01   2.784996e-02   5.213726e-02   7.203540e-02   1.081235e-01   2.762068e-01   2.952742e+00   2.116756e-01   6.402003e-03   4.113958e+01   3.223899e+01   1.066361e-01   2.510560e-01   3.957849e-01   6.688402e-01   1.641760e+00   5.331043e+00   1.258189e+00   2.115430e-03
        94103   8.401417e+00   1.992506e+02   1.370639e-01   5.813724e-02   1.411686e-01   8.512724e-03   1.299650e+02   4.878027e-01   1.579136e+02   9.770095e+01   2.783758e-02   5.211518e-02   7.200655e-02   1.080853e-01   2.761561e-01   2.952697e+00   2.116367e-01   6.399423e-03   4.117081e+01   3.226409e+01   1.066211e-01   2.510481e-01   3.957864e-01   6.688557e-01   1.641813e+00   5.331199e+00   1.258230e+00   2.113301e-03
        94734   8.428705e+00   2.092282e+02   1.372631e-01   5.679080e-02   1.413357e-01   8.331055e-03   1.364543e+02   4.878601e-01   1.666294e+02   1.031783e+02   2.735363e-02   5.125202e-02   7.087866e-02   1.065912e-01   2.741870e-01   2.950940e+00   2.101277e-01   6.299426e-03   4.242221e+01   3.327604e+01   1.060388e-01   2.507475e-01   3.958552e-01   6.694691e-01   1.643876e+00   5.337257e+00   1.259811e+00   2.031629e-03
        95317   8.453112e+00   2.189202e+02   1.374567e-01   5.557761e-02   1.414840e-01   8.168096e-03   1.427390e+02   4.879005e-01   1.751196e+02   1.085212e+02   2.691359e-02   5.046719e-02   6.985339e-02   1.052348e-01   2.724239e-01   2.949406e+00   2.087765e-01   6.210020e-03   4.361382e+01   3.421773e+01   1.055122e-01   2.504911e-01   3.959360e-01   6.700395e-01   1.645741e+00   5.342692e+00   1.261240e+00   1.958076e-03
        95363   8.455006e+00   2.197047e+02   1.374722e-01   5.548319e-02   1.414961e-01   8.155522e-03   1.432480e+02   4.879036e-01   1.758078e+02   1.089547e+02   2.687917e-02   5.040579e-02   6.977318e-02   1.051287e-01   2.722871e-01   2.949288e+00   2.086716e-01   6.203101e-03   4.370922e+01   3.429338e+01   1.054711e-01   2.504718e-01   3.959431e-01   6.700847e-01   1.645886e+00   5.343114e+00   1.261352e+00   1.952421e-03
        95990   8.480364e+00   2.306913e+02   1.376851e-01   5.421086e-02   1.416649e-01   7.986639e-03   1.503926e+02   4.879399e-01   1.854640e+02   1.150461e+02   2.641439e-02   4.957684e-02   6.869036e-02   1.036973e-01   2.704549e-01   2.947732e+00   2.072675e-01   6.109556e-03   4.502787e+01   3.534645e+01   1.049190e-01   2.502206e-01   3.960499e-01   6.707020e-01   1.647845e+00   5.348781e+00   1.262853e+00   1.877083e-03
        96541   8.501960e+00   2.408167e+02   1.378765e-01   5.310212e-02   1.418199e-01   7.837852e-03   1.570300e+02   4.879761e-01   1.943892e+02   1.207178e+02   2.601261e-02   4.886032e-02   6.775473e-02   1.024617e-01   2.688947e-01   2.946437e+00   2.060718e-01   6.025398e-03   4.621712e+01   3.631221e+01   1.044466e-01   2.500192e-01   3.961587e-01   6.712468e-01   1.649531e+00   5.353621e+00   1.264145e+00   1.812454e-03
        96616   8.504851e+00   2.422305e+02   1.379030e-01   5.295305e-02   1.418399e-01   7.817822e-03   1.579552e+02   4.879798e-01   1.956373e+02   1.215120e+02   2.595839e-02   4.876363e-02   6.762849e-02   1.022952e-01   2.686858e-01   2.946266e+00   2.059117e-01   6.014104e-03   4.638135e+01   3.644324e+01   1.043832e-01   2.499931e-01   3.961745e-01   6.713210e-01   1.649757e+00   5.354270e+00   1.264318e+00   1.803718e-03
        97241   8.528484e+00   2.543559e+02   1.381282e-01   5.172894e-02   1.420060e-01   7.654154e-03   1.658890e+02   4.880066e-01   2.063583e+02   1.283429e+02   2.551083e-02   4.796556e-02   6.658676e-02   1.009218e-01   2.669790e-01   2.944886e+00   2.046037e-01   5.921765e-03   4.777247e+01   3.754618e+01   1.038632e-01   2.497887e-01   3.963158e-01   6.719407e-01   1.651622e+00   5.359586e+00   1.265748e+00   1.732388e-03
        97760   8.547503e+00   2.649103e+02   1.383221e-01   5.073319e-02   1.421547e-01   7.522338e-03   1.728215e+02   4.880349e-01   2.157139e+02   1.343233e+02   2.514488e-02   4.731304e-02   6.573529e-02   9.980093e-02   2.656064e-01   2.943801e+00   2.035518e-01   5.846641e-03   4.895967e+01   3.849819e+01   1.034420e-01   2.496355e-01   3.964456e-01   6.724560e-01   1.653137e+00   5.363876e+00   1.266909e+00   1.675697e-03
        97864   8.551249e+00   2.670803e+02   1.383617e-01   5.053583e-02   1.421857e-01   7.496347e-03   1.742500e+02   4.880413e-01   2.176399e+02   1.355569e+02   2.507216e-02   4.718338e-02   6.556613e-02   9.957842e-02   2.653363e-01   2.943590e+00   2.033448e-01   5.831744e-03   4.920118e+01   3.869314e+01   1.033588e-01   2.496066e-01   3.964729e-01   6.725594e-01   1.653437e+00   5.364722e+00   1.267138e+00   1.664604e-03
        98486   8.573204e+00   2.804556e+02   1.386044e-01   4.937334e-02   1.423883e-01   7.340392e-03   1.829629e+02   4.880802e-01   2.295303e+02   1.430844e+02   2.464146e-02   4.641548e-02   6.456446e-02   9.826214e-02   2.637545e-01   2.942372e+00   2.021325e-01   5.740482e-03   5.067127e+01   3.987855e+01   1.028685e-01   2.494461e-01   3.966449e-01   6.731772e-01   1.655206e+00   5.369693e+00   1.268494e+00   1.599910e-03
        98973   8.589874e+00   2.914162e+02   1.387995e-01   4.848482e-02   1.425455e-01   7.221120e-03   1.900678e+02   4.880982e-01   2.392980e+02   1.492540e+02   2.430931e-02   4.582324e-02   6.379201e-02   9.724834e-02   2.625555e-01   2.941472e+00   2.012137e-01   5.670507e-03   5.185179e+01   4.081386e+01   1.024936e-01   2.493345e-01   3.967894e-01   6.736607e-01   1.656561e+00   5.373478e+00   1.269532e+00   1.550614e-03
        99106   8.594349e+00   2.944859e+02   1.388533e-01   4.824533e-02   1.425895e-01   7.189203e-03   1.920597e+02   4.881027e-01   2.420375e+02   1.509855e+02   2.421938e-02   4.566291e-02   6.358291e-02   9.697406e-02   2.622342e-01   2.941234e+00   2.009675e-01   5.651711e-03   5.217854e+01   4.107413e+01   1.023927e-01   2.493063e-01   3.968305e-01   6.737928e-01   1.656927e+00   5.374495e+00   1.269813e+00   1.537493e-03
        99725   8.614746e+00   3.092216e+02   1.391077e-01   4.714371e-02   1.428009e-01   7.042740e-03   2.016469e+02   4.881264e-01   2.552098e+02   1.593305e+02   2.380519e-02   4.492447e-02   6.262013e-02   9.571199e-02   2.607723e-01   2.940166e+00   1.998471e-01   5.564792e-03   5.372520e+01   4.231643e+01   1.019314e-01   2.491868e-01   3.970295e-01   6.744069e-01   1.658604e+00   5.379144e+00   1.271098e+00   1.477948e-03
       100181   8.629326e+00   3.205675e+02   1.392999e-01   4.634356e-02   1.429620e-01   6.936167e-03   2.090608e+02   4.881466e-01   2.653750e+02   1.657982e+02   2.350455e-02   4.438855e-02   6.192162e-02   9.479760e-02   2.597302e-01   2.939421e+00   1.990485e-01   5.500813e-03   5.489292e+01   4.326256e+01   1.016005e-01   2.491110e-01   3.971843e-01   6.748584e-01   1.659813e+00   5.382476e+00   1.272025e+00   1.435355e-03
       100343   8.634415e+00   3.247019e+02   1.393691e-01   4.606084e-02   1.430155e-01   6.897987e-03   2.117619e+02   4.881499e-01   2.690838e+02   1.681665e+02   2.339866e-02   4.419979e-02   6.167566e-02   9.447594e-02   2.593673e-01   2.939165e+00   1.987703e-01   5.477897e-03   5.531368e+01   4.359547e+01   1.014849e-01   2.490867e-01   3.972410e-01   6.750187e-01   1.660238e+00   5.383641e+00   1.272350e+00   1.420090e-03
       100959   8.653346e+00   3.409395e+02   1.396376e-01   4.500336e-02   1.432277e-01   6.756574e-03   2.223889e+02   4.881673e-01   2.836730e+02   1.774950e+02   2.300026e-02   4.348966e-02   6.075056e-02   9.326759e-02   2.580210e-01   2.938232e+00   1.977386e-01   5.392618e-03   5.694332e+01   4.489385e+01   1.010540e-01   2.490059e-01   3.974641e-01   6.756269e-01   1.661827e+00   5.387984e+00   1.273568e+00   1.363956e-03
       101384   8.666021e+00   3.526368e+02   1.398281e-01   4.428639e-02   1.433820e-01   6.661296e-03   2.300748e+02   4.881842e-01   2.942040e+02   1.842523e+02   2.272927e-02   4.300668e-02   6.012159e-02   9.244742e-02   2.571234e-01   2.937623e+00   1.970507e-01   5.334608e-03   5.809590e+01   4.582253e+01   1.007646e-01   2.489607e-01   3.976244e-01   6.760449e-01   1.662900e+00   5.390901e+00   1.274391e+00   1.326688e-03
       101574   8.671589e+00   3.580015e+02   1.399146e-01   4.396998e-02   1.434533e-01   6.619581e-03   2.336055e+02   4.881930e-01   2.990396e+02   1.873590e+02   2.260912e-02   4.279255e-02   5.984279e-02   9.208424e-02   2.567301e-01   2.937360e+00   1.967493e-01   5.309112e-03   5.861873e+01   4.624655e+01   1.006373e-01   2.489432e-01   3.976977e-01   6.762313e-01   1.663374e+00   5.392184e+00   1.274754e+00   1.310469e-03
       102188   8.689170e+00   3.759266e+02   1.401990e-01   4.296533e-02   1.436889e-01   6.485789e-03   2.453180e+02   4.882124e-01   3.152230e+02   1.976907e+02   2.222514e-02   4.210816e-02   5.895183e-02   9.092497e-02   2.554929e-01   2.936547e+00   1.958012e-01   5.226605e-03   6.033917e+01   4.762730e+01   1.002341e-01   2.488974e-01   3.979408e-01   6.768312e-01   1.664879e+00   5.396245e+00   1.275907e+00   1.259184e-03
       102582   8.700130e+00   3.879169e+02   1.403849e-01   4.233440e-02   1.438449e-01   6.400796e-03   2.530900e+02   4.882189e-01   3.260700e+02   2.045647e+02   2.198218e-02   4.167516e-02   5.838825e-02   9.019267e-02   2.547261e-01   2.936054e+00   1.952135e-01   5.173562e-03   6.146810e+01   4.852533e+01   9.998228e-02   2.488770e-01   3.981019e-01   6.772144e-01   1.665825e+00   5.398783e+00   1.276632e+00   1.227234e-03
       102801   8.706115e+00   3.947528e+02   1.404896e-01   4.198778e-02   1.439338e-01   6.354339e-03   2.575271e+02   4.882232e-01   3.322615e+02   2.084926e+02   2.184827e-02   4.143653e-02   5.807772e-02   8.978949e-02   2.543090e-01   2.935789e+00   1.948938e-01   5.144440e-03   6.210436e+01   4.903449e+01   9.984463e-02   2.488687e-01   3.981932e-01   6.774268e-01   1.666344e+00   5.400171e+00   1.277030e+00   1.209899e-03
       103412   8.722415e+00   4.144941e+02   1.407865e-01   4.103449e-02   1.441898e-01   6.227145e-03   2.703729e+02   4.882397e-01   3.501700e+02   2.198774e+02   2.147896e-02   4.077843e-02   5.722164e-02   8.867936e-02   2.531790e-01   2.935084e+00   1.940279e-01   5.064149e-03   6.391336e+01   5.049545e+01   9.946952e-02   2.488560e-01   3.984538e-01   6.780165e-01   1.667768e+00   5.403961e+00   1.278121e+00   1.162996e-03
       103776   8.731852e+00   4.267403e+02   1.409670e-01   4.047818e-02   1.443436e-01   6.153489e-03   2.783425e+02   4.882474e-01   3.612992e+02   2.269613e+02   2.126190e-02   4.039168e-02   5.671874e-02   8.802827e-02   2.525293e-01   2.934689e+00   1.935299e-01   5.017571e-03   6.501551e+01   5.138128e+01   9.925235e-02   2.488559e-01   3.986129e-01   6.783658e-01   1.668598e+00   5.406162e+00   1.278757e+00   1.135917e-03
       104022   8.738117e+00   4.352296e+02   1.410907e-01   4.010260e-02   1.444446e-01   6.102862e-03   2.838816e+02   4.882498e-01   3.690225e+02   2.319009e+02   2.111643e-02   4.013251e-02   5.638182e-02   8.759257e-02   2.521002e-01   2.934432e+00   1.932011e-01   4.985386e-03   6.577106e+01   5.198066e+01   9.910821e-02   2.488589e-01   3.987222e-01   6.786011e-01   1.669153e+00   5.407625e+00   1.279182e+00   1.117476e-03
       104631   8.753238e+00   4.570110e+02   1.414027e-01   3.918513e-02   1.447034e-01   5.979534e-03   2.981431e+02   4.882612e-01   3.888689e+02   2.446341e+02   2.076054e-02   3.949848e-02   5.555787e-02   8.652887e-02   2.510718e-01   2.933830e+00   1.924130e-01   4.906361e-03   6.767939e+01   5.350909e+01   9.876057e-02   2.488767e-01   3.989978e-01   6.791802e-01   1.670500e+00   5.411165e+00   1.280215e+00   1.073174e-03
       104965   8.761303e+00   4.694356e+02   1.415772e-01   3.869057e-02   1.448509e-01   5.913545e-03   3.063047e+02   4.882703e-01   4.002085e+02   2.519297e+02   2.056787e-02   3.915523e-02   5.511197e-02   8.595429e-02   2.505279e-01   2.933518e+00   1.919962e-01   4.863776e-03   6.874886e+01   5.437502e+01   9.857534e-02   2.488924e-01   3.991518e-01   6.794955e-01   1.671223e+00   5.413058e+00   1.280769e+00   1.049769e-03
       105239   8.767801e+00   4.798904e+02   1.417222e-01   3.829026e-02   1.449751e-01   5.860573e-03   3.131818e+02   4.882787e-01   4.097608e+02   2.580818e+02   2.041113e-02   3.887600e-02   5.474926e-02   8.548745e-02   2.500921e-01   2.933272e+00   1.916622e-01   4.829487e-03   6.963843e+01   5.509997e+01   9.842613e-02   2.489082e-01   3.992794e-01   6.797529e-01   1.671809e+00   5.414586e+00   1.281218e+00   1.031086e-03
       105846   8.781825e+00   5.039173e+02   1.420482e-01   3.742000e-02   1.452445e-01   5.745205e-03   3.289390e+02   4.882819e-01   4.317480e+02   2.722354e+02   2.006816e-02   3.826505e-02   5.395589e-02   8.446799e-02   2.491606e-01   2.932757e+00   1.909483e-01   4.754829e-03   7.164801e+01   5.670354e+01   9.810507e-02   2.489532e-01   3.995667e-01   6.803194e-01   1.673083e+00   5.417892e+00   1.282194e+00   9.903768e-04
       106150   8.788660e+00   5.164148e+02   1.422141e-01   3.699257e-02   1.453883e-01   5.687247e-03   3.370388e+02   4.882834e-01   4.432025e+02   2.795149e+02   1.989857e-02   3.796298e-02   5.356379e-02   8.396499e-02   2.487115e-01   2.932514e+00   1.906041e-01   4.716580e-03   7.267515e+01   5.752384e+01   9.794909e-02   2.489809e-01   3.997130e-01   6.806011e-01   1.673708e+00   5.419507e+00   1.282673e+00   9.706666e-04
       106452   8.795328e+00   5.291499e+02   1.423811e-01   3.657205e-02   1.455343e-01   5.630332e-03   3.453086e+02   4.882873e-01   4.548866e+02   2.869526e+02   1.973150e-02   3.766541e-02   5.317762e-02   8.347013e-02   2.482765e-01   2.932283e+00   1.902707e-01   4.678826e-03   7.371003e+01   5.835595e+01   9.779708e-02   2.490113e-01   3.998595e-01   6.808794e-01   1.674321e+00   5.421086e+00   1.283143e+00   9.515066e-04
       107057   8.808326e+00   5.556491e+02   1.427210e-01   3.574508e-02   1.458360e-01   5.519409e-03   3.625476e+02   4.882989e-01   4.792355e+02   3.024735e+02   1.940102e-02   3.707688e-02   5.241420e-02   8.249368e-02   2.474384e-01   2.931847e+00   1.896285e-01   4.604843e-03   7.582650e+01   6.007409e+01   9.750212e-02   2.490816e-01   4.001567e-01   6.814325e-01   1.675524e+00   5.424171e+00   1.284065e+00   9.145653e-04
       107331   8.814059e+00   5.681005e+02   1.428778e-01   3.537750e-02   1.459696e-01   5.470234e-03   3.706345e+02   4.882988e-01   4.906924e+02   3.097845e+02   1.925316e-02   3.681359e-02   5.207282e-02   8.205786e-02   2.470733e-01   2.931661e+00   1.893487e-01   4.572141e-03   7.680488e+01   6.085010e+01   9.737255e-02   2.491172e-01   4.002927e-01   6.816809e-01   1.676058e+00   5.425535e+00   1.284474e+00   8.980929e-04
       107660   8.820816e+00   5.834336e+02   1.430680e-01   3.494178e-02   1.461320e-01   5.412288e-03   3.805984e+02   4.882986e-01   5.048147e+02   3.188031e+02   1.907711e-02   3.650011e-02   5.166650e-02   8.153987e-02   2.466467e-01   2.931448e+00   1.890217e-01   4.533531e-03   7.799594e+01   6.179524e+01   9.722036e-02   2.491631e-01   4.004571e-01   6.819774e-01   1.676691e+00   5.427145e+00   1.284959e+00   8.787574e-04
       108262   8.832837e+00   6.126117e+02   1.434224e-01   3.414652e-02   1.464372e-01   5.304657e-03   3.997046e+02   4.883053e-01   5.317286e+02   3.361164e+02   1.875909e-02   3.593386e-02   5.093282e-02   8.060660e-02   2.458984e-01   2.931083e+00   1.884483e-01   4.460749e-03   8.022209e+01   6.358824e+01   9.695094e-02   2.492551e-01   4.007604e-01   6.825147e-01   1.677824e+00   5.430018e+00   1.285828e+00   8.439077e-04
       108507   8.837605e+00   6.249137e+02   1.435686e-01   3.382809e-02   1.465646e-01   5.261848e-03   4.077812e+02   4.883088e-01   5.430914e+02   3.434423e+02   1.863120e-02   3.570616e-02   5.063788e-02   8.023222e-02   2.456061e-01   2.930944e+00   1.882242e-01   4.431644e-03   8.114523e+01   6.433892e+01   9.684483e-02   2.492957e-01   4.008850e-01   6.827315e-01   1.678277e+00   5.431160e+00   1.286175e+00   8.302040e-04
       108863   8.844407e+00   6.432457e+02   1.437831e-01   3.337135e-02   1.467518e-01   5.200810e-03   4.198275e+02   4.883134e-01   5.600398e+02   3.543819e+02   1.844692e-02   3.537808e-02   5.021305e-02   7.969374e-02   2.451936e-01   2.930752e+00   1.879081e-01   4.390072e-03   8.250478e+01   6.544555e+01   9.669421e-02   2.493579e-01   4.010670e-01   6.830447e-01   1.678926e+00   5.432793e+00   1.286672e+00   8.107375e-04
       109463   8.855540e+00   6.754115e+02   1.441508e-01   3.261723e-02   1.470614e-01   5.100452e-03   4.409492e+02   4.883082e-01   5.898212e+02   3.736405e+02   1.814045e-02   3.483254e-02   4.950690e-02   7.880073e-02   2.445306e-01   2.930453e+00   1.874000e-01   4.321894e-03   8.484644e+01   6.730863e+01   9.644962e-02   2.494703e-01   4.013758e-01   6.835670e-01   1.679996e+00   5.435472e+00   1.287492e+00   7.785578e-04
       109680   8.859466e+00   6.874496e+02   1.442856e-01   3.234913e-02   1.471783e-01   5.064525e-03   4.488200e+02   4.883078e-01   6.009806e+02   3.808196e+02   1.803088e-02   3.463751e-02   4.925458e-02   7.848228e-02   2.443006e-01   2.930352e+00   1.872238e-01   4.297203e-03   8.570911e+01   6.800037e+01   9.636412e-02   2.495133e-01   4.014881e-01   6.837541e-01   1.680376e+00   5.436419e+00   1.287783e+00   7.673223e-04
       110062   8.866251e+00   7.091839e+02   1.445256e-01   3.188173e-02   1.473933e-01   5.000595e-03   4.629321e+02   4.883104e-01   6.211459e+02   3.936883e+02   1.783959e-02   3.429706e-02   4.881426e-02   7.792741e-02   2.439083e-01   2.930183e+00   1.869231e-01   4.252623e-03   8.724892e+01   6.924379e+01   9.621724e-02   2.495917e-01   4.016863e-01   6.840813e-01   1.681035e+00   5.438058e+00   1.288289e+00   7.479717e-04
       110660   8.876555e+00   7.446458e+02   1.449078e-01   3.116531e-02   1.477363e-01   4.903530e-03   4.859769e+02   4.883162e-01   6.540943e+02   4.147385e+02   1.754420e-02   3.377140e-02   4.813480e-02   7.707340e-02   2.433255e-01   2.929941e+00   1.864765e-01   4.184731e-03   8.971458e+01   7.123836e+01   9.599664e-02   2.497214e-01   4.019979e-01   6.845874e-01   1.682044e+00   5.440555e+00   1.289062e+00   7.187984e-04
       110849   8.879733e+00   7.562309e+02   1.450303e-01   3.094272e-02   1.478430e-01   4.873469e-03   4.934964e+02   4.883144e-01   6.648703e+02   4.216294e+02   1.745186e-02   3.360709e-02   4.792251e-02   7.680715e-02   2.431493e-01   2.929869e+00   1.863414e-01   4.163754e-03   9.050790e+01   7.186699e+01   9.592929e-02   2.497641e-01   4.020968e-01   6.847458e-01   1.682357e+00   5.441327e+00   1.289301e+00   7.097144e-04
       111258   8.886484e+00   7.819386e+02   1.452973e-01   3.046728e-02   1.480777e-01   4.809705e-03   5.101978e+02   4.883108e-01   6.888037e+02   4.369447e+02   1.725373e-02   3.325455e-02   4.746718e-02   7.623715e-02   2.427810e-01   2.929724e+00   1.860591e-01   4.119139e-03   9.224718e+01   7.325302e+01   9.578772e-02   2.498596e-01   4.023113e-01   6.850864e-01   1.683025e+00   5.442970e+00   1.289813e+00   6.905664e-04
       111855   8.896033e+00   8.210942e+02   1.456938e-01   2.977930e-02   1.484293e-01   4.716466e-03   5.357900e+02   4.883126e-01   7.253082e+02   4.604378e+02   1.696856e-02   3.274717e-02   4.681222e-02   7.541964e-02   2.422742e-01   2.929532e+00   1.856708e-01   4.053154e-03   9.484441e+01   7.535214e+01   9.559021e-02   2.500052e-01   4.026251e-01   6.855773e-01   1.683977e+00   5.445301e+00   1.290543e+00   6.633118e-04
       112014   8.898517e+00   8.318584e+02   1.458005e-01   2.959777e-02   1.485246e-01   4.691785e-03   5.428530e+02   4.883136e-01   7.353541e+02   4.669265e+02   1.689342e-02   3.261350e-02   4.663973e-02   7.520485e-02   2.421454e-01   2.929485e+00   1.855720e-01   4.035565e-03   9.554773e+01   7.592652e+01   9.553957e-02   2.500453e-01   4.027089e-01   6.857068e-01   1.684226e+00   5.445908e+00   1.290734e+00   6.562198e-04
       112451   8.905217e+00   8.622012e+02   1.460969e-01   2.910527e-02   1.487849e-01   4.625037e-03   5.627581e+02   4.883124e-01   7.636949e+02   4.852521e+02   1.668860e-02   3.224918e-02   4.616978e-02   7.462069e-02   2.418041e-01   2.929364e+00   1.853105e-01   3.988053e-03   9.750753e+01   7.750602e+01   9.540418e-02   2.501578e-01   4.029392e-01   6.860599e-01   1.684902e+00   5.447550e+00   1.291252e+00   6.369845e-04
       113046   8.914049e+00   9.053588e+02   1.465071e-01   2.844951e-02   1.491414e-01   4.536907e-03   5.910940e+02   4.883056e-01   8.040603e+02   5.114047e+02   1.641375e-02   3.176035e-02   4.553963e-02   7.383997e-02   2.413697e-01   2.929218e+00   1.849776e-01   3.925256e-03   1.002393e+02   7.968925e+01   9.522921e-02   2.503167e-01   4.032529e-01   6.865341e-01   1.685799e+00   5.449721e+00   1.291940e+00   6.116501e-04
       113176   8.915935e+00   9.150809e+02   1.465977e-01   2.830806e-02   1.492209e-01   4.517964e-03   5.974942e+02   4.883051e-01   8.131619e+02   5.173160e+02   1.635431e-02   3.165465e-02   4.540344e-02   7.367163e-02   2.412794e-01   2.929189e+00   1.849084e-01   3.911695e-03   1.008461e+02   8.017816e+01   9.519245e-02   2.503524e-01   4.033215e-01   6.866368e-01   1.685992e+00   5.450186e+00   1.292087e+00   6.062688e-04
       113640   8.922540e+00   9.506637e+02   1.469239e-01   2.780956e-02   1.495144e-01   4.450154e-03   6.207462e+02   4.883059e-01   8.464997e+02   5.387881e+02   1.614393e-02   3.128056e-02   4.492167e-02   7.307740e-02   2.409703e-01   2.929092e+00   1.846715e-01   3.862593e-03   1.030408e+02   8.195805e+01   9.506553e-02   2.504819e-01   4.035662e-01   6.870002e-01   1.686670e+00   5.451816e+00   1.292607e+00   5.875605e-04
       114233   8.930704e+00   9.982258e+02   1.473478e-01   2.718701e-02   1.498977e-01   4.364715e-03   6.516177e+02   4.883036e-01   8.911212e+02   5.673496e+02   1.587901e-02   3.080954e-02   4.431550e-02   7.233243e-02   2.406042e-01   2.928986e+00   1.843909e-01   3.800265e-03   1.059136e+02   8.426801e+01   9.491237e-02   2.506522e-01   4.038783e-01   6.874575e-01   1.687514e+00   5.453838e+00   1.293254e+00   5.644505e-04
       114335   8.932078e+00   1.006650e+03   1.474215e-01   2.708155e-02   1.499635e-01   4.350311e-03   6.570842e+02   4.883022e-01   8.990319e+02   5.724169e+02   1.583388e-02   3.072932e-02   4.421231e-02   7.220593e-02   2.405444e-01   2.928969e+00   1.843452e-01   3.789760e-03   1.064155e+02   8.466726e+01   9.488707e-02   2.506820e-01   4.039319e-01   6.875354e-01   1.687657e+00   5.454178e+00   1.293364e+00   5.605506e-04
       114825   8.938553e+00   1.048151e+03   1.477783e-01   2.658115e-02   1.502842e-01   4.282345e-03   6.840403e+02   4.882966e-01   9.380299e+02   5.974185e+02   1.561891e-02   3.034717e-02   4.372095e-02   7.160491e-02   2.402707e-01   2.928898e+00   1.841354e-01   3.740060e-03   1.088585e+02   8.662186e+01   9.476981e-02   2.508275e-01   4.041893e-01   6.879065e-01   1.688334e+00   5.455788e+00   1.293882e+00   5.422848e-04
       115417   8.946111e+00   1.100645e+03   1.482161e-01   2.598641e-02   1.506815e-01   4.201537e-03   7.182751e+02   4.882954e-01   9.874234e+02   6.292015e+02   1.536313e-02   2.989257e-02   4.313687e-02   7.089341e-02   2.399682e-01   2.928828e+00   1.839036e-01   3.680503e-03   1.118824e+02   8.907358e+01   9.463750e-02   2.510077e-01   4.044992e-01   6.883477e-01   1.689130e+00   5.457673e+00   1.294492e+00   5.210343e-04
       115491   8.947036e+00   1.107394e+03   1.482714e-01   2.591218e-02   1.507319e-01   4.191303e-03   7.227009e+02   4.882960e-01   9.937791e+02   6.333125e+02   1.533146e-02   2.983628e-02   4.306458e-02   7.080559e-02   2.399325e-01   2.928821e+00   1.838762e-01   3.672896e-03   1.122662e+02   8.938833e+01   9.462166e-02   2.510306e-01   4.045378e-01   6.884023e-01   1.689228e+00   5.457904e+00   1.294567e+00   5.184076e-04
       116008   8.953375e+00   1.155747e+03   1.486607e-01   2.540025e-02   1.510780e-01   4.120829e-03   7.543829e+02   4.882887e-01   1.039345e+03   6.628180e+02   1.511202e-02   2.944636e-02   4.256407e-02   7.019892e-02   2.396963e-01   2.928774e+00   1.836952e-01   3.620655e-03   1.149831e+02   9.156485e+01   9.451532e-02   2.511920e-01   4.048072e-01   6.887804e-01   1.689902e+00   5.459491e+00   1.295084e+00   5.001746e-04
       116598   8.960357e+00   1.213589e+03   1.491121e-01   2.482955e-02   1.514804e-01   4.043042e-03   7.923610e+02   4.882822e-01   1.093921e+03   6.982420e+02   1.486546e-02   2.900836e-02   4.200233e-02   6.952116e-02   2.394537e-01   2.928735e+00   1.835093e-01   3.562797e-03   1.181626e+02   9.411902e+01   9.440302e-02   2.513799e-01   4.051131e-01   6.892045e-01   1.690651e+00   5.461245e+00   1.295658e+00   4.802447e-04
       116644   8.960890e+00   1.218221e+03   1.491476e-01   2.478558e-02   1.515122e-01   4.037073e-03   7.954091e+02   4.882819e-01   1.098295e+03   7.010866e+02   1.484641e-02   2.897452e-02   4.195896e-02   6.946897e-02   2.394360e-01   2.928733e+00   1.834957e-01   3.558343e-03   1.184140e+02   9.432248e+01   9.439468e-02   2.513947e-01   4.051369e-01   6.892372e-01   1.690709e+00   5.461380e+00   1.295702e+00   4.787308e-04
       117187   8.967066e+00   1.274296e+03   1.495700e-01   2.427329e-02   1.518943e-01   3.967809e-03   8.323118e+02   4.882823e-01   1.151279e+03   7.355390e+02   1.462340e-02   2.857841e-02   4.145152e-02   6.885998e-02   2.392396e-01   2.928709e+00   1.833451e-01   3.506472e-03   1.214212e+02   9.677285e+01   9.430059e-02   2.515710e-01   4.054167e-01   6.896202e-01   1.691377e+00   5.462937e+00   1.296215e+00   4.613370e-04
       117775   8.973513e+00   1.338012e+03   1.500345e-01   2.373217e-02   1.523173e-01   3.892378e-03   8.736225e+02   4.882728e-01   1.211559e+03   7.741827e+02   1.438574e-02   2.815636e-02   4.091136e-02   6.821505e-02   2.390526e-01   2.928696e+00   1.832019e-01   3.449329e-03   1.247610e+02   9.943978e+01   9.420747e-02   2.517649e-01   4.057175e-01   6.900273e-01   1.692081e+00   5.464569e+00   1.296754e+00   4.430485e-04
       117794   8.973718e+00   1.340124e+03   1.500496e-01   2.371491e-02   1.523311e-01   3.889986e-03   8.749929e+02   4.882726e-01   1.213560e+03   7.754658e+02   1.437812e-02   2.814284e-02   4.089406e-02   6.819446e-02   2.390470e-01   2.928696e+00   1.831976e-01   3.447514e-03   1.248704e+02   9.952715e+01   9.420461e-02   2.517712e-01   4.057272e-01   6.900403e-01   1.692104e+00   5.464621e+00   1.296771e+00   4.424712e-04
       118363   8.979720e+00   1.404997e+03   1.505062e-01   2.320409e-02   1.527488e-01   3.819450e-03   9.171250e+02   4.882650e-01   1.275014e+03   8.149310e+02   1.415200e-02   2.774138e-02   4.038079e-02   6.758510e-02   2.388917e-01   2.928695e+00   1.830785e-01   3.393853e-03   1.281898e+02   1.021940e+02   9.412352e-02   2.519616e-01   4.060161e-01   6.904267e-01   1.692765e+00   5.466145e+00   1.297278e+00   4.255962e-04
       118941   8.985593e+00   1.474194e+03   1.509771e-01   2.269720e-02   1.531840e-01   3.750126e-03   9.621669e+02   4.882641e-01   1.340645e+03   8.571576e+02   1.392601e-02   2.734026e-02   3.986849e-02   6.698036e-02   2.387579e-01   2.928705e+00   1.829760e-01   3.340844e-03   1.316500e+02   1.050093e+02   9.404962e-02   2.521572e-01   4.063072e-01   6.908117e-01   1.693418e+00   5.467642e+00   1.297778e+00   4.092827e-04
       118950   8.985682e+00   1.475298e+03   1.509845e-01   2.268940e-02   1.531909e-01   3.749067e-03   9.628867e+02   4.882642e-01   1.341693e+03   8.578326e+02   1.392252e-02   2.733407e-02   3.986059e-02   6.697105e-02   2.387560e-01   2.928705e+00   1.829745e-01   3.340032e-03   1.317046e+02   1.050541e+02   9.404853e-02   2.521603e-01   4.063117e-01   6.908176e-01   1.693428e+00   5.467665e+00   1.297786e+00   4.090355e-04
       119536   8.991411e+00   1.549083e+03   1.514695e-01   2.218069e-02   1.536281e-01   3.678069e-03   1.011151e+03   4.882525e-01   1.411761e+03   9.032241e+02   1.369720e-02   2.693424e-02   3.935051e-02   6.637256e-02   2.386444e-01   2.928725e+00   1.828890e-01   3.285483e-03   1.353079e+02   1.079273e+02   9.398213e-02   2.523606e-01   4.066040e-01   6.912001e-01   1.694070e+00   5.469131e+00   1.298278e+00   3.925864e-04
       120085   8.996582e+00   1.621634e+03   1.519305e-01   2.171427e-02   1.540474e-01   3.613421e-03   1.058776e+03   4.882473e-01   1.480737e+03   9.480537e+02   1.348948e-02   2.656573e-02   3.888094e-02   6.582500e-02   2.385609e-01   2.928753e+00   1.828250e-01   3.235543e-03   1.387700e+02   1.107228e+02   9.392764e-02   2.525500e-01   4.068753e-01   6.915516e-01   1.694655e+00   5.470459e+00   1.298726e+00   3.778776e-04
       120122   8.996924e+00   1.626647e+03   1.519618e-01   2.168321e-02   1.540759e-01   3.609137e-03   1.062072e+03   4.882471e-01   1.485506e+03   9.511574e+02   1.347559e-02   2.654110e-02   3.884959e-02   6.578856e-02   2.385560e-01   2.928755e+00   1.828213e-01   3.232225e-03   1.390064e+02   1.109149e+02   9.392424e-02   2.525628e-01   4.068935e-01   6.915751e-01   1.694693e+00   5.470547e+00   1.298756e+00   3.769113e-04
       120707   9.002220e+00   1.708043e+03   1.524601e-01   2.119881e-02   1.545317e-01   3.542747e-03   1.115647e+03   4.882445e-01   1.562984e+03   1.001648e+03   1.325802e-02   2.615522e-02   3.835853e-02   6.521986e-02   2.384901e-01   2.928794e+00   1.827708e-01   3.180744e-03   1.427957e+02   1.139987e+02   9.387480e-02   2.527663e-01   4.071797e-01   6.919420e-01   1.695298e+00   5.471912e+00   1.299219e+00   3.620039e-04
       121227   9.006759e+00   1.783886e+03   1.529090e-01   2.077855e-02   1.549416e-01   3.483971e-03   1.165065e+03   4.882318e-01   1.635256e+03   1.048316e+03   1.306764e-02   2.581766e-02   3.792949e-02   6.472623e-02   2.384493e-01   2.928836e+00   1.827395e-01   3.134847e-03   1.462478e+02   1.167496e+02   9.383758e-02   2.529482e-01   4.074315e-01   6.922617e-01   1.695820e+00   5.473086e+00   1.299619e+00   3.491239e-04
       121291   9.007307e+00   1.793455e+03   1.529647e-01   2.072748e-02   1.549931e-01   3.476764e-03   1.171270e+03   4.882307e-01   1.644379e+03   1.054176e+03   1.304441e-02   2.577647e-02   3.787716e-02   6.466625e-02   2.384455e-01   2.928841e+00   1.827366e-01   3.129184e-03   1.466782e+02   1.170946e+02   9.383343e-02   2.529706e-01   4.074623e-01   6.923007e-01   1.695883e+00   5.473229e+00   1.299668e+00   3.475800e-04
       121875   9.012201e+00   1.883239e+03   1.534765e-01   2.026720e-02   1.554686e-01   3.412042e-03   1.229574e+03   4.882251e-01   1.730034e+03   1.109261e+03   1.283431e-02   2.540407e-02   3.740450e-02   6.412657e-02   2.384210e-01   2.928896e+00   1.827179e-01   3.078176e-03   1.506643e+02   1.203128e+02   9.379968e-02   2.531758e-01   4.077415e-01   6.926519e-01   1.696451e+00   5.474500e+00   1.300103e+00   3.338657e-04
       122367   9.016179e+00   1.962438e+03   1.539133e-01   1.988823e-02   1.558758e-01   3.359247e-03   1.281076e+03   4.882219e-01   1.805665e+03   1.157971e+03   1.266000e-02   2.509520e-02   3.701296e-02   6.368262e-02   2.384156e-01   2.928948e+00   1.827136e-01   3.036439e-03   1.541042e+02   1.231054e+02   9.377701e-02   2.533490e-01   4.079741e-01   6.929420e-01   1.696917e+00   5.475537e+00   1.300460e+00   3.228079e-04
       122458   9.016901e+00   1.977456e+03   1.539947e-01   1.981902e-02   1.559503e-01   3.349623e-03   1.290835e+03   4.882196e-01   1.820014e+03   1.167219e+03   1.262802e-02   2.503855e-02   3.694119e-02   6.360157e-02   2.384160e-01   2.928958e+00   1.827140e-01   3.028849e-03   1.547489e+02   1.236158e+02   9.377338e-02   2.533811e-01   4.080169e-01   6.929951e-01   1.697002e+00   5.475725e+00   1.300525e+00   3.207740e-04
       123041   9.021422e+00   2.076492e+03   1.545201e-01   1.937825e-02   1.564330e-01   3.287795e-03   1.355447e+03   4.882081e-01   1.914698e+03   1.228480e+03   1.242513e-02   2.467915e-02   3.648631e-02   6.309018e-02   2.384294e-01   2.929027e+00   1.827243e-01   2.979823e-03   1.589413e+02   1.269664e+02   9.375425e-02   2.535868e-01   4.082887e-01   6.933310e-01   1.697536e+00   5.476908e+00   1.300934e+00   3.079718e-04
       123504   9.024890e+00   2.158741e+03   1.549425e-01   1.903240e-02   1.568232e-01   3.238895e-03   1.409410e+03   4.882046e-01   1.993404e+03   1.279680e+03   1.226638e-02   2.439803e-02   3.613098e-02   6.269368e-02   2.384527e-01   2.929085e+00   1.827421e-01   2.940768e-03   1.623490e+02   1.297302e+02   9.374420e-02   2.537503e-01   4.085021e-01   6.935927e-01   1.697949e+00   5.477819e+00   1.301251e+00   2.981266e-04
       123623   9.025764e+00   2.180411e+03   1.550517e-01   1.894463e-02   1.569245e-01   3.226559e-03   1.423647e+03   4.882040e-01   2.014152e+03   1.293192e+03   1.222592e-02   2.432638e-02   3.604050e-02   6.259315e-02   2.384605e-01   2.929101e+00   1.827481e-01   2.930896e-03   1.632362e+02   1.304546e+02   9.374234e-02   2.537923e-01   4.085566e-01   6.936592e-01   1.698054e+00   5.478049e+00   1.301331e+00   2.956628e-04
       124204   9.029933e+00   2.289437e+03   1.555888e-01   1.852268e-02   1.574192e-01   3.167559e-03   1.495320e+03   4.881945e-01   2.118599e+03   1.361312e+03   1.203034e-02   2.398018e-02   3.560369e-02   6.211041e-02   2.385082e-01   2.929180e+00   1.827846e-01   2.883687e-03   1.676346e+02   1.340083e+02   9.373736e-02   2.539974e-01   4.088204e-01   6.939797e-01   1.698555e+00   5.479148e+00   1.301715e+00   2.838717e-04
       124639   9.032950e+00   2.374702e+03   1.559960e-01   1.821374e-02   1.577923e-01   3.124636e-03   1.551399e+03   4.881862e-01   2.200352e+03   1.414695e+03   1.188600e-02   2.372476e-02   3.528187e-02   6.175752e-02   2.385542e-01   2.929243e+00   1.828199e-01   2.849304e-03   1.710051e+02   1.367043e+02   9.373773e-02   2.541507e-01   4.090154e-01   6.942149e-01   1.698920e+00   5.479946e+00   1.301995e+00   2.753328e-04
       124785   9.033943e+00   2.404038e+03   1.561334e-01   1.811130e-02   1.579210e-01   3.109871e-03   1.570417e+03   4.881836e-01   2.228493e+03   1.432790e+03   1.183796e-02   2.363976e-02   3.517487e-02   6.164073e-02   2.385716e-01   2.929264e+00   1.828333e-01   2.837331e-03   1.721507e+02   1.376264e+02   9.373867e-02   2.542020e-01   4.090803e-01   6.942930e-01   1.699041e+00   5.480210e+00   1.302088e+00   2.725392e-04
       125365   9.037792e+00   2.524278e+03   1.566842e-01   1.771022e-02   1.584393e-01   3.052347e-03   1.648478e+03   4.881807e-01   2.343905e+03   1.507095e+03   1.164906e-02   2.330565e-02   3.475470e-02   6.118488e-02   2.386499e-01   2.929353e+00   1.828932e-01   2.790561e-03   1.767773e+02   1.413827e+02   9.374618e-02   2.544058e-01   4.093360e-01   6.945988e-01   1.699512e+00   5.481233e+00   1.302448e+00   2.617864e-04
       125772   9.040405e+00   2.612295e+03   1.570746e-01   1.743484e-02   1.588051e-01   3.013162e-03   1.705650e+03   4.881751e-01   2.428455e+03   1.561592e+03   1.151837e-02   2.307456e-02   3.446453e-02   6.087271e-02   2.387133e-01   2.929417e+00   1.829418e-01   2.758673e-03   1.800954e+02   1.440578e+02   9.375511e-02   2.545483e-01   4.095131e-01   6.948094e-01   1.699833e+00   5.481929e+00   1.302695e+00   2.544891e-04
       125945   9.041495e+00   2.650649e+03   1.572417e-01   1.731927e-02   1.589603e-01   2.996776e-03   1.730561e+03   4.881711e-01   2.465316e+03   1.585368e+03   1.146328e-02   2.297716e-02   3.434234e-02   6.074192e-02   2.387423e-01   2.929445e+00   1.829641e-01   2.745348e-03   1.815244e+02   1.451935e+02   9.375979e-02   2.546088e-01   4.095878e-01   6.948978e-01   1.699968e+00   5.482220e+00   1.302798e+00   2.514285e-04
       126524   9.045049e+00   2.783224e+03   1.578049e-01   1.693805e-02   1.594855e-01   2.942933e-03   1.816819e+03   4.881586e-01   2.592803e+03   1.667730e+03   1.128087e-02   2.265478e-02   3.393840e-02   6.031258e-02   2.388481e-01   2.929541e+00   1.830451e-01   2.701434e-03   1.863854e+02   1.490892e+02   9.377942e-02   2.548106e-01   4.098354e-01   6.951896e-01   1.700410e+00   5.483172e+00   1.303137e+00   2.414987e-04
       126903   9.047301e+00   2.873641e+03   1.581773e-01   1.668919e-02   1.598340e-01   2.906968e-03   1.876099e+03   4.881561e-01   2.679815e+03   1.724362e+03   1.116309e-02   2.244670e-02   3.367809e-02   6.003837e-02   2.389241e-01   2.929605e+00   1.831033e-01   2.671855e-03   1.896359e+02   1.517369e+02   9.379521e-02   2.549421e-01   4.099953e-01   6.953769e-01   1.700692e+00   5.483777e+00   1.303353e+00   2.351125e-04
       127103   9.048466e+00   2.922559e+03   1.583752e-01   1.655954e-02   1.600200e-01   2.888351e-03   1.908210e+03   4.881571e-01   2.726910e+03   1.755048e+03   1.110144e-02   2.233781e-02   3.354201e-02   5.989580e-02   2.389662e-01   2.929640e+00   1.831357e-01   2.656517e-03   1.913742e+02   1.531626e+02   9.380444e-02   2.550113e-01   4.100789e-01   6.954746e-01   1.700839e+00   5.484091e+00   1.303466e+00   2.318336e-04
       127681   9.051747e+00   3.068740e+03   1.589514e-01   1.619127e-02   1.605543e-01   2.835714e-03   2.004199e+03   4.881452e-01   2.867726e+03   1.846939e+03   1.092527e-02   2.202673e-02   3.315375e-02   5.949219e-02   2.390959e-01   2.929742e+00   1.832351e-01   2.613209e-03   1.964850e+02   1.572602e+02   9.383463e-02   2.552103e-01   4.103180e-01   6.957526e-01   1.701254e+00   5.484976e+00   1.303784e+00   2.225053e-04
       128032   9.053677e+00   3.161120e+03   1.593047e-01   1.597218e-02   1.608824e-01   2.804684e-03   2.064963e+03   4.881386e-01   2.956776e+03   1.905158e+03   1.081970e-02   2.184039e-02   3.292156e-02   5.925312e-02   2.391801e-01   2.929805e+00   1.832996e-01   2.587632e-03   1.996535e+02   1.598053e+02   9.385544e-02   2.553305e-01   4.104613e-01   6.959182e-01   1.701500e+00   5.485498e+00   1.303972e+00   2.170515e-04
       128259   9.054901e+00   3.222364e+03   1.595345e-01   1.583205e-02   1.610964e-01   2.784899e-03   2.105325e+03   4.881359e-01   3.015838e+03   1.943841e+03   1.075199e-02   2.172090e-02   3.277284e-02   5.910094e-02   2.392367e-01   2.929846e+00   1.833429e-01   2.571289e-03   2.017290e+02   1.614842e+02   9.386990e-02   2.554079e-01   4.105531e-01   6.960240e-01   1.701657e+00   5.485830e+00   1.304092e+00   2.136093e-04
       128836   9.057928e+00   3.383516e+03   1.601230e-01   1.548215e-02   1.616550e-01   2.733918e-03   2.210105e+03   4.881337e-01   3.171337e+03   2.044236e+03   1.058185e-02   2.142077e-02   3.239985e-02   5.872267e-02   2.393875e-01   2.929952e+00   1.834585e-01   2.528737e-03   2.070983e+02   1.658690e+02   9.391011e-02   2.556037e-01   4.107838e-01   6.962886e-01   1.702046e+00   5.486654e+00   1.304391e+00   2.051814e-04
       129159   9.059571e+00   3.477279e+03   1.604553e-01   1.529015e-02   1.619668e-01   2.705937e-03   2.270929e+03   4.881253e-01   3.261867e+03   2.102622e+03   1.048783e-02   2.125498e-02   3.219419e-02   5.851620e-02   2.394762e-01   2.930013e+00   1.835265e-01   2.505390e-03   2.101644e+02   1.683069e+02   9.393464e-02   2.557126e-01   4.109111e-01   6.964340e-01   1.702259e+00   5.487102e+00   1.304554e+00   2.005469e-04
       129413   9.060838e+00   3.552866e+03   1.607183e-01   1.514108e-02   1.622139e-01   2.684333e-03   2.319996e+03   4.881197e-01   3.334877e+03   2.149740e+03   1.041450e-02   2.112571e-02   3.203400e-02   5.835646e-02   2.395479e-01   2.930061e+00   1.835815e-01   2.487340e-03   2.126069e+02   1.702560e+02   9.395488e-02   2.557978e-01   4.110104e-01   6.965470e-01   1.702424e+00   5.487448e+00   1.304680e+00   1.969934e-04
       129989   9.063630e+00   3.730525e+03   1.613196e-01   1.480880e-02   1.627813e-01   2.636486e-03   2.435494e+03   4.881118e-01   3.506575e+03   2.260695e+03   1.025017e-02   2.083613e-02   3.167577e-02   5.800278e-02   2.397169e-01   2.930171e+00   1.837109e-01   2.447261e-03   2.182500e+02   1.747995e+02   9.400382e-02   2.559898e-01   4.112325e-01   6.967987e-01   1.702789e+00   5.488214e+00   1.304960e+00   1.892250e-04
       130285   9.065023e+00   3.825301e+03   1.616311e-01   1.464000e-02   1.630764e-01   2.612045e-03   2.497344e+03   4.881103e-01   3.598223e+03   2.320135e+03   1.016678e-02   2.068924e-02   3.149440e-02   5.782567e-02   2.398070e-01   2.930228e+00   1.837800e-01   2.426697e-03   2.212063e+02   1.772089e+02   9.403065e-02   2.560877e-01   4.113451e-01   6.969257e-01   1.702973e+00   5.488597e+00   1.305101e+00   1.853479e-04
       130565   9.066315e+00   3.917202e+03   1.619273e-01   1.448047e-02   1.633561e-01   2.588559e-03   2.557594e+03   4.881086e-01   3.687126e+03   2.378075e+03   1.008854e-02   2.055147e-02   3.132451e-02   5.766101e-02   2.398941e-01   2.930282e+00   1.838468e-01   2.406866e-03   2.240386e+02   1.795192e+02   9.405703e-02   2.561798e-01   4.114506e-01   6.970444e-01   1.703144e+00   5.488953e+00   1.305232e+00   1.816927e-04
       131141   9.068895e+00   4.113362e+03   1.625415e-01   1.415849e-02   1.639307e-01   2.541449e-03   2.686284e+03   4.880946e-01   3.876991e+03   2.502017e+03   9.929564e-03   2.027165e-02   3.098011e-02   5.733099e-02   2.400789e-01   2.930395e+00   1.839884e-01   2.367118e-03   2.299762e+02   1.842664e+02   9.411417e-02   2.563679e-01   4.116646e-01   6.972841e-01   1.703487e+00   5.489666e+00   1.305495e+00   1.743314e-04
       131409   9.070061e+00   4.208000e+03   1.628296e-01   1.401137e-02   1.642013e-01   2.520090e-03   2.748497e+03   4.880903e-01   3.968641e+03   2.561959e+03   9.856487e-03   2.014308e-02   3.082218e-02   5.718140e-02   2.401673e-01   2.930448e+00   1.840561e-01   2.349054e-03   2.327908e+02   1.865381e+02   9.414203e-02   2.564547e-01   4.117628e-01   6.973936e-01   1.703644e+00   5.489989e+00   1.305615e+00   1.710363e-04
       131716   9.071371e+00   4.319137e+03   1.631616e-01   1.384484e-02   1.645141e-01   2.496028e-03   2.821672e+03   4.880892e-01   4.076307e+03   2.632479e+03   9.773457e-03   1.999704e-02   3.064303e-02   5.701309e-02   2.402704e-01   2.930508e+00   1.841351e-01   2.328669e-03   2.360574e+02   1.891931e+02   9.417486e-02   2.565536e-01   4.118742e-01   6.975176e-01   1.703820e+00   5.490353e+00   1.305750e+00   1.673586e-04
       132291   9.073751e+00   4.535357e+03   1.637881e-01   1.353901e-02   1.651076e-01   2.451249e-03   2.963109e+03   4.880834e-01   4.285890e+03   2.768855e+03   9.619907e-03   1.972711e-02   3.031260e-02   5.670666e-02   2.404682e-01   2.930622e+00   1.842867e-01   2.290551e-03   2.422951e+02   1.942542e+02   9.423902e-02   2.567370e-01   4.120797e-01   6.977453e-01   1.704142e+00   5.491015e+00   1.305997e+00   1.606979e-04
       132531   9.074716e+00   4.628816e+03   1.640514e-01   1.341366e-02   1.653567e-01   2.432533e-03   3.023698e+03   4.880767e-01   4.376524e+03   2.827333e+03   9.556568e-03   1.961581e-02   3.017665e-02   5.658215e-02   2.405525e-01   2.930670e+00   1.843513e-01   2.274560e-03   2.449451e+02   1.963651e+02   9.426682e-02   2.568129e-01   4.121643e-01   6.978386e-01   1.704273e+00   5.491285e+00   1.306098e+00   1.579737e-04
       132865   9.076034e+00   4.762147e+03   1.644199e-01   1.324139e-02   1.657065e-01   2.406957e-03   3.110203e+03   4.880712e-01   4.505869e+03   2.910844e+03   9.469139e-03   1.946224e-02   2.998932e-02   5.641215e-02   2.406714e-01   2.930736e+00   1.844424e-01   2.252674e-03   2.486820e+02   1.993593e+02   9.430643e-02   2.569179e-01   4.122809e-01   6.979670e-01   1.704454e+00   5.491654e+00   1.306236e+00   1.542823e-04
       133439   9.078228e+00   5.000438e+03   1.650583e-01   1.295082e-02   1.663146e-01   2.364080e-03   3.265066e+03   4.880656e-01   4.737161e+03   3.060402e+03   9.320837e-03   1.920189e-02   2.967252e-02   5.612883e-02   2.408798e-01   2.930851e+00   1.846022e-01   2.215892e-03   2.552339e+02   2.046640e+02   9.437685e-02   2.570965e-01   4.124780e-01   6.981831e-01   1.704756e+00   5.492270e+00   1.306467e+00   1.481875e-04
       133652   9.079020e+00   5.091908e+03   1.652969e-01   1.284483e-02   1.665426e-01   2.348557e-03   3.324583e+03   4.880651e-01   4.825984e+03   3.117897e+03   9.266423e-03   1.910641e-02   2.955659e-02   5.602651e-02   2.409584e-01   2.930893e+00   1.846624e-01   2.202550e-03   2.577079e+02   2.066858e+02   9.440369e-02   2.571621e-01   4.125502e-01   6.982619e-01   1.704865e+00   5.492493e+00   1.306551e+00   1.460073e-04
       134013   9.080336e+00   5.250823e+03   1.657033e-01   1.266611e-02   1.669274e-01   2.322087e-03   3.428233e+03   4.880583e-01   4.980350e+03   3.218144e+03   9.174958e-03   1.894597e-02   2.936210e-02   5.585660e-02   2.410929e-01   2.930965e+00   1.847655e-01   2.179786e-03   2.619549e+02   2.100884e+02   9.445012e-02   2.572726e-01   4.126712e-01   6.983938e-01   1.705048e+00   5.492864e+00   1.306692e+00   1.423018e-04
       134586   9.082359e+00   5.513427e+03   1.663533e-01   1.238505e-02   1.675420e-01   2.279938e-03   3.600404e+03   4.880465e-01   5.235574e+03   3.384786e+03   9.031723e-03   1.869489e-02   2.905856e-02   5.559586e-02   2.413099e-01   2.931080e+00   1.849317e-01   2.143399e-03   2.688341e+02   2.156181e+02   9.452597e-02   2.574461e-01   4.128601e-01   6.985989e-01   1.705331e+00   5.493437e+00   1.306908e+00   1.365391e-04
       134772   9.082998e+00   5.601501e+03   1.665657e-01   1.229524e-02   1.677435e-01   2.266547e-03   3.658265e+03   4.880450e-01   5.321208e+03   3.440805e+03   8.985732e-03   1.861431e-02   2.896136e-02   5.551355e-02   2.413811e-01   2.931117e+00   1.849863e-01   2.131815e-03   2.711052e+02   2.174603e+02   9.455111e-02   2.575018e-01   4.129206e-01   6.986643e-01   1.705421e+00   5.493618e+00   1.306977e+00   1.347316e-04
       135159   9.084302e+00   5.789347e+03   1.670099e-01   1.211076e-02   1.681660e-01   2.239207e-03   3.781824e+03   4.880441e-01   5.503905e+03   3.560455e+03   8.890825e-03   1.844809e-02   2.876121e-02   5.534595e-02   2.415304e-01   2.931194e+00   1.851008e-01   2.108135e-03   2.758912e+02   2.213688e+02   9.460425e-02   2.576170e-01   4.130451e-01   6.987987e-01   1.705606e+00   5.493989e+00   1.307119e+00   1.310718e-04
       135732   9.086169e+00   6.079248e+03   1.676729e-01   1.184340e-02   1.687932e-01   2.199833e-03   3.972664e+03   4.880341e-01   5.786005e+03   3.745470e+03   8.752233e-03   1.820553e-02   2.847003e-02   5.510676e-02   2.417542e-01   2.931308e+00   1.852723e-01   2.074027e-03   2.831296e+02   2.271938e+02   9.468478e-02   2.577854e-01   4.132261e-01   6.989935e-01   1.705871e+00   5.494522e+00   1.307322e+00   1.258069e-04
       135890   9.086671e+00   6.161740e+03   1.678568e-01   1.177087e-02   1.689687e-01   2.188721e-03   4.026116e+03   4.880309e-01   5.866307e+03   3.797299e+03   8.714417e-03   1.813938e-02   2.839081e-02   5.504267e-02   2.418164e-01   2.931339e+00   1.853199e-01   2.064329e-03   2.851582e+02   2.288164e+02   9.470736e-02   2.578314e-01   4.132754e-01   6.990463e-01   1.705943e+00   5.494665e+00   1.307377e+00   1.243916e-04
       136304   9.087960e+00   6.383297e+03   1.683410e-01   1.158312e-02   1.694318e-01   2.160085e-03   4.169802e+03   4.880245e-01   6.082048e+03   3.936653e+03   8.616145e-03   1.796756e-02   2.818542e-02   5.487857e-02   2.419803e-01   2.931421e+00   1.854456e-01   2.039307e-03   2.905406e+02   2.331493e+02   9.476725e-02   2.579509e-01   4.134031e-01   6.991828e-01   1.706128e+00   5.495035e+00   1.307519e+00   1.207785e-04
       136876   9.089681e+00   6.702724e+03   1.690152e-01   1.132912e-02   1.700791e-01   2.121644e-03   4.377288e+03   4.880211e-01   6.393247e+03   4.137949e+03   8.482285e-03   1.773369e-02   2.790683e-02   5.466086e-02   2.422088e-01   2.931534e+00   1.856206e-01   2.005638e-03   2.981395e+02   2.393393e+02   9.485163e-02   2.581138e-01   4.135762e-01   6.993673e-01   1.706377e+00   5.495530e+00   1.307710e+00   1.160063e-04
       137007   9.090065e+00   6.778130e+03   1.691706e-01   1.127185e-02   1.702283e-01   2.113030e-03   4.426305e+03   4.880210e-01   6.466735e+03   4.185525e+03   8.451936e-03   1.768070e-02   2.784386e-02   5.461245e-02   2.422614e-01   2.931560e+00   1.856609e-01   1.998087e-03   2.999074e+02   2.407795e+02   9.487119e-02   2.581507e-01   4.136153e-01   6.994089e-01   1.706433e+00   5.495641e+00   1.307753e+00   1.149434e-04
       137448   9.091334e+00   7.038353e+03   1.696963e-01   1.108147e-02   1.707288e-01   2.084483e-03   4.595445e+03   4.880117e-01   6.720412e+03   4.349875e+03   8.350600e-03   1.750384e-02   2.763411e-02   5.445341e-02   2.424391e-01   2.931646e+00   1.857972e-01   1.973092e-03   3.059362e+02   2.455706e+02   9.493765e-02   2.582740e-01   4.137455e-01   6.995470e-01   1.706619e+00   5.496008e+00   1.307895e+00   1.113902e-04
       138019   9.092919e+00   7.390317e+03   1.703820e-01   1.083649e-02   1.713830e-01   2.046985e-03   4.825810e+03   4.880025e-01   7.063692e+03   4.573797e+03   8.221303e-03   1.727837e-02   2.736776e-02   5.425654e-02   2.426706e-01   2.931757e+00   1.859745e-01   1.940088e-03   3.139144e+02   2.520131e+02   9.502511e-02   2.584313e-01   4.139107e-01   6.997217e-01   1.706852e+00   5.496467e+00   1.308074e+00   1.068975e-04
       138123   9.093201e+00   7.456316e+03   1.705076e-01   1.079235e-02   1.715032e-01   2.040224e-03   4.869125e+03   4.880025e-01   7.128083e+03   4.615910e+03   8.197981e-03   1.723772e-02   2.731987e-02   5.422176e-02   2.427128e-01   2.931777e+00   1.860069e-01   1.934124e-03   3.153900e+02   2.532155e+02   9.504119e-02   2.584597e-01   4.139405e-01   6.997530e-01   1.706894e+00   5.496549e+00   1.308106e+00   1.061005e-04
       138590   9.094442e+00   7.760088e+03   1.710741e-01   1.059668e-02   1.720460e-01   2.010423e-03   5.068734e+03   4.880026e-01   7.424533e+03   4.810014e+03   8.094113e-03   1.705680e-02   2.710717e-02   5.406969e-02   2.429031e-01   2.931867e+00   1.861528e-01   1.907806e-03   3.220985e+02   2.587201e+02   9.511391e-02   2.585859e-01   4.140723e-01   6.998918e-01   1.707078e+00   5.496911e+00   1.308247e+00   1.026167e-04
       139161   9.095905e+00   8.148579e+03   1.717727e-01   1.036291e-02   1.727096e-01   1.975098e-03   5.324320e+03   4.879906e-01   7.803838e+03   5.058900e+03   7.968994e-03   1.683906e-02   2.685226e-02   5.389270e-02   2.431365e-01   2.931976e+00   1.863316e-01   1.876638e-03   3.304940e+02   2.654201e+02   9.520388e-02   2.587378e-01   4.142303e-01   7.000574e-01   1.707297e+00   5.497339e+00   1.308415e+00   9.845964e-05
       139238   9.096097e+00   8.202450e+03   1.718674e-01   1.033184e-02   1.727997e-01   1.970434e-03   5.359813e+03   4.879896e-01   7.856451e+03   5.093470e+03   7.952278e-03   1.680999e-02   2.681832e-02   5.386959e-02   2.431680e-01   2.931991e+00   1.863558e-01   1.872518e-03   3.316425e+02   2.663431e+02   9.521610e-02   2.587581e-01   4.142513e-01   7.000794e-01   1.707326e+00   5.497395e+00   1.308437e+00   9.791602e-05
       139732   9.097310e+00   8.556705e+03   1.724772e-01   1.013488e-02   1.733852e-01   1.939996e-03   5.590705e+03   4.879835e-01   8.202519e+03   5.318327e+03   7.845922e-03   1.662512e-02   2.660303e-02   5.372552e-02   2.433704e-01   2.932084e+00   1.865109e-01   1.845480e-03   3.391012e+02   2.723786e+02   9.529498e-02   2.588870e-01   4.143847e-01   7.002186e-01   1.707508e+00   5.497752e+00   1.308577e+00   9.451642e-05
       140302   9.098657e+00   8.984703e+03   1.731866e-01   9.912862e-03   1.740693e-01   1.905474e-03   5.868499e+03   4.879816e-01   8.620823e+03   5.588950e+03   7.725072e-03   1.641528e-02   2.635982e-02   5.356828e-02   2.436040e-01   2.932191e+00   1.866899e-01   1.814705e-03   3.479113e+02   2.795489e+02   9.538691e-02   2.590333e-01   4.145352e-01   7.003753e-01   1.707713e+00   5.498149e+00   1.308734e+00   9.076819e-05
       140352   9.098773e+00   9.023264e+03   1.732491e-01   9.893654e-03   1.741291e-01   1.902498e-03   5.893527e+03   4.879805e-01   8.658520e+03   5.613356e+03   7.714565e-03   1.639705e-02   2.633875e-02   5.355494e-02   2.436245e-01   2.932200e+00   1.867056e-01   1.812056e-03   3.486949e+02   2.801708e+02   9.539501e-02   2.590460e-01   4.145483e-01   7.003888e-01   1.707731e+00   5.498183e+00   1.308747e+00   9.044233e-05
       140872   9.099951e+00   9.434315e+03   1.739020e-01   9.696403e-03   1.747552e-01   1.872098e-03   6.160526e+03   4.879684e-01   9.060464e+03   5.873769e+03   7.606195e-03   1.620912e-02   2.612213e-02   5.342052e-02   2.438375e-01   2.932297e+00   1.868689e-01   1.784956e-03   3.569449e+02   2.867567e+02   9.547966e-02   2.591769e-01   4.146824e-01   7.005278e-01   1.707912e+00   5.498532e+00   1.308886e+00   8.714136e-05
       141442   9.101194e+00   9.906636e+03   1.746235e-01   9.483615e-03   1.754489e-01   1.839131e-03   6.468630e+03   4.879625e-01   9.522530e+03   6.174369e+03   7.489259e-03   1.600657e-02   2.588991e-02   5.328208e-02   2.440706e-01   2.932401e+00   1.870475e-01   1.755469e-03   3.662085e+02   2.942601e+02   9.557309e-02   2.593178e-01   4.148260e-01   7.006762e-01   1.708104e+00   5.498902e+00   1.309033e+00   8.366268e-05
       141465   9.101243e+00   9.926187e+03   1.746527e-01   9.475035e-03   1.754770e-01   1.837778e-03   6.481447e+03   4.879623e-01   9.541661e+03   6.186877e+03   7.484581e-03   1.599848e-02   2.588066e-02   5.327669e-02   2.440800e-01   2.932405e+00   1.870547e-01   1.754255e-03   3.665871e+02   2.945701e+02   9.557688e-02   2.593234e-01   4.148318e-01   7.006821e-01   1.708111e+00   5.498917e+00   1.309039e+00   8.352372e-05
       141552   9.101428e+00   1.000049e+04   1.747634e-01   9.442659e-03   1.755836e-01   1.832679e-03   6.530175e+03   4.879619e-01   9.614373e+03   6.234428e+03   7.466914e-03   1.596790e-02   2.584573e-02   5.325643e-02   2.441155e-01   2.932421e+00   1.870819e-01   1.749679e-03   3.680225e+02   2.957475e+02   9.559119e-02   2.593447e-01   4.148534e-01   7.007043e-01   1.708140e+00   5.498972e+00   1.309061e+00   8.300088e-05
